<project xmlns="http://maven.apache.org/DECORATION/1.3.0"
         xmlns:xsi="http://www.w3.org/2001/XMLSchema-instance"
         xsi:schemaLocation="http://maven.apache.org/DECORATION/1.3.0 http://maven.apache.org/xsd/decoration-1.3.0.xsd"
         name="P6Spy">

  <publishDate position="right"/>
  <version position="right"/>

  <body>
    <menu name="User's Guide">
      <item name="1.3" collapse="true" href="1.3/install.html">
        <item name="Installation" href="1.3/install.html"/>
        <item name="Configuration and Usage" href="1.3/configandusage.html"/>
        <item name="Release Notes" href="1.3/releasenotes.html"/>
        <item name="Known Issues" href="1.3/knownissues.html"/>
        <item name="FAQ" href="1.3/faq.html"/>
        <item name="Troubleshooting" href="1.3/troubleshooting.html"/>
      </item>
      <item name="2.x" collapse="true" href="2.0/install.html">
        <item name="Installation" href="2.0/install.html"/>
        <item name="Integration" href="2.0/integration.html"/>
        <item name="Configuration and Usage" href="2.0/configandusage.html"/>
        <item name="Release Notes" href="2.0/releasenotes.html"/>
        <item name="Known Issues" href="2.0/knownissues.html"/>
        <!--<item name="Migration from 1.3" href="2.0/migration.html"/>-->
        <item name="FAQ" href="2.0/faq.html"/>
        <item name="Development" href="2.0/development.html"/>
      </item>
    </menu>
    <menu name="Other">
      <item name="Thanks" href="thanks.html"/>
      <item name="Download" href="https://github.com/p6spy/p6spy/wiki/Download"/>
    </menu>
    <menu ref="modules"/>
    <menu ref="reports"/>
  </body>

</project>
