<?xml version="1.0" encoding="UTF-8"?>

<jar-versions>
  <jar name="activation.jar" specVersion="1.1" specVendor="Sun Microsystems, Inc." specTitle="JavaBeans(TM) Activation Framework Specification" implVersion="1.1" implVendor="Sun Microsystems, Inc." implTitle="Sun Java System Application Server" implVendorID="com.sun" implURL="http://www.jboss.org/" sealed="false" md5Digest="3dda8a46842fde66a1c01f0a19667dc4"/>
  <jar name="antlr.jar" specVersion="4.2.2.GA" specVendor="JBoss (http://www.jboss.org/)" specTitle="JBoss" implVersion="4.2.2.GA (build: SVNTag=JBoss_4_2_2_GA date=200710221139)" implVendor="JBoss Inc." implTitle="JBoss [Trinity]" implVendorID="http://www.jboss.org/" implURL="http://www.jboss.org/" sealed="false" md5Digest="16989c88aeeab84b01bcbf61b575804a"/>
  <jar name="applet.jar" specVersion="4.2.2.GA" specVendor="JBoss (http://www.jboss.org/)" specTitle="JBoss" implVersion="4.2.2.GA (build: SVNTag=JBoss_4_2_2_GA date=200710221139)" implVendor="JBoss Inc." implTitle="JBoss [Trinity]" implVendorID="http://www.jboss.org/" implURL="http://www.jboss.org/" sealed="false" md5Digest="114fee8c6b40ef9b3ed521a091443793"/>
  <jar name="autonumber-plugin.jar" specVersion="4.2.2.GA" specVendor="JBoss (http://www.jboss.org/)" specTitle="JBoss" implVersion="4.2.2.GA (build: SVNTag=JBoss_4_2_2_GA date=200710221139)" implVendor="JBoss Inc." implTitle="JBoss [Trinity]" implVendorID="http://www.jboss.org/" implURL="http://www.jboss.org/" sealed="false" md5Digest="3e237921091d7d104642b886d796c33b"/>
  <jar name="avalon-framework.jar" specVersion="4.2.2.GA" specVendor="JBoss (http://www.jboss.org/)" specTitle="JBoss" implVersion="4.2.2.GA (build: SVNTag=JBoss_4_2_2_GA date=200710221139)" implVendor="JBoss Inc." implTitle="JBoss [Trinity]" implVendorID="http://www.jboss.org/" implURL="http://www.jboss.org/" sealed="false" md5Digest="17bed8e66f97bc54a22dac7a6492ebdd"/>
  <jar name="bcel.jar" specVersion="4.2.2.GA" specVendor="JBoss (http://www.jboss.org/)" specTitle="JBoss" implVersion="4.2.2.GA (build: SVNTag=JBoss_4_2_2_GA date=200710221139)" implVendor="JBoss Inc." implTitle="JBoss [Trinity]" implVendorID="http://www.jboss.org/" implURL="http://www.jboss.org/" sealed="false" md5Digest="350b81da76501c0c51226c1073f85bbb"/>
  <jar name="bindingservice-plugin.jar" specVersion="4.2.2.GA" specVendor="JBoss (http://www.jboss.org/)" specTitle="JBoss" implVersion="4.2.2.GA (build: SVNTag=JBoss_4_2_2_GA date=200710221139)" implVendor="JBoss Inc." implTitle="JBoss [Trinity]" implVendorID="http://www.jboss.org/" implURL="http://www.jboss.org/" sealed="false" md5Digest="350f6c6a23e6368b1a8da22175629d20"/>
  <jar name="bsf.jar" specVersion="4.2.2.GA" specVendor="JBoss (http://www.jboss.org/)" specTitle="JBoss" implVersion="4.2.2.GA (build: SVNTag=JBoss_4_2_2_GA date=200710221139)" implVendor="JBoss Inc." implTitle="JBoss [Trinity]" implVendorID="http://www.jboss.org/" implURL="http://www.jboss.org/" sealed="false" md5Digest="70e62ff3fd2462ba37cb3d5e2a21abe2"/>
  <jar name="bsh-deployer.jar" specVersion="4.2.2.GA" specVendor="JBoss (http://www.jboss.org/)" specTitle="JBoss" implVersion="4.2.2.GA (build: SVNTag=JBoss_4_2_2_GA date=200710221139)" implVendor="JBoss Inc." implTitle="JBoss [Trinity]" implVendorID="http://www.jboss.org/" implURL="http://www.jboss.org/" sealed="false" md5Digest="ff41caf034c9c22e9c953f8321a39e4b"/>
  <jar name="bsh.jar" specVersion="4.2.2.GA" specVendor="JBoss (http://www.jboss.org/)" specTitle="JBoss" implVersion="4.2.2.GA (build: SVNTag=JBoss_4_2_2_GA date=200710221139)" implVendor="JBoss Inc." implTitle="JBoss [Trinity]" implVendorID="http://www.jboss.org/" implURL="http://www.jboss.org/" sealed="false" md5Digest="92b9e7d6e2fb0973d2eccb1100da7533"/>
  <jar name="cglib.jar" specVersion="4.2.2.GA" specVendor="JBoss (http://www.jboss.org/)" specTitle="JBoss" implVersion="4.2.2.GA (build: SVNTag=JBoss_4_2_2_GA date=200710221139)" implVendor="JBoss Inc." implTitle="JBoss [Trinity]" implVendorID="http://www.jboss.org/" implURL="http://www.jboss.org/" sealed="false" md5Digest="5263211208914a206e4454692c5ace73"/>
  <jar name="commons-codec.jar" specVersion="1.3" specVendor="Apache Software Foundation" specTitle="Jakarta Commons Codec" implVersion="1.3" implVendor="Apache Software Foundation" implTitle="org.apache.commons.codec" implVendorID="http://www.jboss.org/" implURL="http://www.jboss.org/" sealed="false" md5Digest="60bd408a5018ef9de8e7adad409ac13a"/>
  <jar name="commons-collections.jar" specVersion="3.1" specVendor="Apache Software Foundation" specTitle="Commons Collections" implVersion="3.1" implVendor="Apache Software Foundation" implTitle="JBoss [Trinity]" implVendorID="" implURL="http://www.jboss.org/" sealed="false" md5Digest="ab6a625b46577e147f3eef4a1e844414"/>
  <jar name="commons-httpclient.jar" specVersion="1.0" specVendor="Apache Software Foundation" specTitle="JBoss" implVersion="3.0.1" implVendor="Apache Software Foundation" implTitle="JBoss [Trinity]" implVendorID="http://www.jboss.org/" implURL="http://www.jboss.org/" sealed="false" md5Digest="f26bc6e2259a0fdedfd3a18d451c3ca6"/>
  <jar name="commons-logging.jar" specVersion="1.0" specVendor="Apache Software Foundation" specTitle="Jakarta Commons Logging" implVersion="1.1.0.jboss" implVendor="Red Hat Middleware LLC" implTitle="Jakarta Commons Logging" implVendorID="jboss.org" implURL="http://www.jboss.org/" sealed="false" md5Digest="e8ae012cc3caeefa46f46e265c4ef8c8"/>
  <jar name="concurrent.jar" specVersion="4.2.2.GA" specVendor="JBoss (http://www.jboss.org/)" specTitle="JBoss" implVersion="4.2.2.GA (build: SVNTag=JBoss_4_2_2_GA date=200710221139)" implVendor="JBoss Inc." implTitle="JBoss [Trinity]" implVendorID="http://www.jboss.org/" implURL="http://www.jboss.org/" sealed="false" md5Digest="53bc699bb9c91eb9e78a0760899d205"/>
  <jar name="console-mgr-classes.jar" specVersion="4.2.2.GA" specVendor="JBoss (http://www.jboss.org/)" specTitle="JBoss" implVersion="4.2.2.GA (build: SVNTag=JBoss_4_2_2_GA date=200710221139)" implVendor="JBoss Inc." implTitle="JBoss [Trinity]" implVendorID="http://www.jboss.org/" implURL="http://www.jboss.org/" sealed="false" md5Digest="99a775b7b16817c3ef26df7a2a3cd289"/>
  <jar name="deployment-service.sar" specVersion="4.2.2.GA" specVendor="JBoss (http://www.jboss.org/)" specTitle="JBoss" implVersion="4.2.2.GA (build: SVNTag=JBoss_4_2_2_GA date=200710221139)" implVendor="JBoss Inc." implTitle="JBoss [Trinity]" implVendorID="http://www.jboss.org/" implURL="http://www.jboss.org/" sealed="false" md5Digest="af10b5a9e536c866d8f6d0c7b9cb175e"/>
  <jar name="derby-plugin.jar" specVersion="4.2.2.GA" specVendor="JBoss (http://www.jboss.org/)" specTitle="JBoss" implVersion="4.2.2.GA (build: SVNTag=JBoss_4_2_2_GA date=200710221139)" implVendor="JBoss Inc." implTitle="JBoss [Trinity]" implVendorID="http://www.jboss.org/" implURL="http://www.jboss.org/" sealed="false" md5Digest="d613c18c2620855c1713221c6fc2becc"/>
  <jar name="dom4j.jar" specVersion="4.2.2.GA" specVendor="JBoss (http://www.jboss.org/)" specTitle="JBoss" implVersion="4.2.2.GA (build: SVNTag=JBoss_4_2_2_GA date=200710221139)" implVendor="JBoss Inc." implTitle="JBoss [Trinity]" implVendorID="http://www.jboss.org/" implURL="http://www.jboss.org/" sealed="false" md5Digest="c03e6e186f73a65665136fc476734830"/>
  <jar name="ejb-management.jar" specVersion="4.2.2.GA" specVendor="JBoss (http://www.jboss.org/)" specTitle="JBoss" implVersion="4.2.2.GA (build: SVNTag=JBoss_4_2_2_GA date=200710221139)" implVendor="JBoss Inc." implTitle="JBoss [Trinity]" implVendorID="http://www.jboss.org/" implURL="http://www.jboss.org/" sealed="false" md5Digest="d81c401c9b82d4f8481346277b03f2f9"/>
  <jar name="ejb3-persistence.jar" specVersion="3.0 Final Release" specVendor="Sun Microsystems, Inc." specTitle="EJB 3.0" implVersion="3.0 Final Release September 22 2006" implVendor="hibernate.org" implTitle="EJB" implVendorID="http://www.jboss.org/" implURL="http://www.jboss.org/" sealed="false" md5Digest="fbd66afcf40f0879dc36e3a4de331a74"/>
  <jar name="el-api.jar" specVersion="4.2.2.GA" specVendor="JBoss (http://www.jboss.org/)" specTitle="JBoss" implVersion="4.2.2.GA (build: SVNTag=JBoss_4_2_2_GA date=200710221139)" implVendor="JBoss Inc." implTitle="JBoss [Trinity]" implVendorID="http://www.jboss.org/" implURL="http://www.jboss.org/" sealed="false" md5Digest="a53939edb258ca57db1d04500919654d"/>
  <jar name="getopt.jar" specVersion="4.2.2.GA" specVendor="JBoss (http://www.jboss.org/)" specTitle="JBoss" implVersion="4.2.2.GA (build: SVNTag=JBoss_4_2_2_GA date=200710221139)" implVendor="JBoss Inc." implTitle="JBoss [Trinity]" implVendorID="http://www.jboss.org/" implURL="http://www.jboss.org/" sealed="false" md5Digest="ffedccc7da576e50a5ed1d3caa66a5fc"/>
  <jar name="hibernate-annotations.jar" specVersion="4.2.2.GA" specVendor="JBoss (http://www.jboss.org/)" specTitle="JBoss" implVersion="4.2.2.GA (build: SVNTag=JBoss_4_2_2_GA date=200710221139)" implVendor="JBoss Inc." implTitle="JBoss [Trinity]" implVendorID="http://www.jboss.org/" implURL="http://www.jboss.org/" sealed="false" md5Digest="8bb41669d953a8dd06ef9f356bd94fdc"/>
  <jar name="hibernate-client.jar" specVersion="4.2.2.GA" specVendor="JBoss (http://www.jboss.org/)" specTitle="JBoss" implVersion="4.2.2.GA (build: SVNTag=JBoss_4_2_2_GA date=200710221139)" implVendor="JBoss Inc." implTitle="JBoss [Trinity]" implVendorID="http://www.jboss.org/" implURL="http://www.jboss.org/" sealed="false" md5Digest="d942d14fb0e6a97733d4fdc9a357b984"/>
  <jar name="hibernate-entitymanager.jar" specVersion="4.2.2.GA" specVendor="JBoss (http://www.jboss.org/)" specTitle="JBoss" implVersion="4.2.2.GA (build: SVNTag=JBoss_4_2_2_GA date=200710221139)" implVendor="JBoss Inc." implTitle="JBoss [Trinity]" implVendorID="http://www.jboss.org/" implURL="http://www.jboss.org/" sealed="false" md5Digest="ed43ee83a29e4a4fba5453a10d8e7b2d"/>
  <jar name="hibernate3.jar" specVersion="4.2.2.GA" specVendor="JBoss (http://www.jboss.org/)" specTitle="JBoss" implVersion="3.2.4.sp1" implVendor="hibernate.org" implTitle="Hibernate3" implVendorID="http://www.jboss.org/" implURL="http://www.jboss.org/" sealed="false" md5Digest="dfa16687f1aac2c4e938d47c26d2fe51"/>
  <jar name="hsqldb-plugin.jar" specVersion="4.2.2.GA" specVendor="JBoss (http://www.jboss.org/)" specTitle="JBoss" implVersion="4.2.2.GA (build: SVNTag=JBoss_4_2_2_GA date=200710221139)" implVendor="JBoss Inc." implTitle="JBoss [Trinity]" implVendorID="http://www.jboss.org/" implURL="http://www.jboss.org/" sealed="false" md5Digest="4048835466feb90e2b80cb85fd42fc0e"/>
  <jar name="hsqldb.jar" specVersion="4.2.2.GA" specVendor="JBoss (http://www.jboss.org/)" specTitle="JBoss" implVersion="4.2.2.GA (build: SVNTag=JBoss_4_2_2_GA date=200710221139)" implVendor="JBoss Inc." implTitle="JBoss [Trinity]" implVendorID="http://www.jboss.org/" implURL="http://www.jboss.org/" sealed="false" md5Digest="fd0ba710735af1ea3da3ae66a6c51ec7"/>
  <jar name="jacorb.jar" specVersion="4.2.2.GA" specVendor="JBoss (http://www.jboss.org/)" specTitle="JBoss" implVersion="4.2.2.GA (build: SVNTag=JBoss_4_2_2_GA date=200710221139)" implVendor="JBoss Inc." implTitle="JBoss [Trinity]" implVendorID="http://www.jboss.org/" implURL="http://www.jboss.org/" sealed="false" md5Digest="4c7df4a8fb3ae7ce2975ddd5a6004d70"/>
  <jar name="jasper-jdt.jar" specVersion="4.2.2.GA" specVendor="JBoss (http://www.jboss.org/)" specTitle="JBoss" implVersion="4.2.2.GA (build: SVNTag=JBoss_4_2_2_GA date=200710221139)" implVendor="JBoss Inc." implTitle="JBoss [Trinity]" implVendorID="http://www.jboss.org/" implURL="http://www.jboss.org/" sealed="false" md5Digest="b5c0ee6babbdeda7f4a429a3304b1873"/>
  <jar name="javassist.jar" specVersion="3.6.0.GA" specVendor="Shigeru Chiba, Tokyo Institute of Technology" specTitle="Javassist" implVersion="4.2.2.GA (build: SVNTag=JBoss_4_2_2_GA date=200710221139)" implVendor="JBoss Inc." implTitle="JBoss [Trinity]" implVendorID="http://www.jboss.org/" implURL="http://www.jboss.org/" sealed="false" md5Digest="1512acf3985ae50eca2a10f4a1917354"/>
  <jar name="jaxb-api.jar" specVersion="2.1" specVendor="Sun Microsystems, Inc." specTitle="Java Architecture for XML Binding" implVersion="4.2.2.GA (build: SVNTag=JBoss_4_2_2_GA date=200710221139)" implVendor="JBoss Inc." implTitle="JBoss [Trinity]" implVendorID="http://www.jboss.org/" implURL="http://www.jboss.org/" sealed="false" md5Digest="ce64a03cb610f902159217748a4ed1ec"/>
  <jar name="jaxb-impl.jar" specVersion="2.1" specVendor="Sun Microsystems, Inc." specTitle="Java Architecture for XML Binding" implVersion="2.1.4" implVendor="Sun Microsystems, Inc." implTitle="JAXB Reference Implementation " implVendorID="com.sun" implURL="http://www.jboss.org/" sealed="false" md5Digest="d156f12539aee79787f7704b966d0cab"/>
  <jar name="jaxb-xjc.jar" specVersion="2.1" specVendor="Sun Microsystems, Inc." specTitle="Java Architecture for XML Binding" implVersion="2.1.4" implVendor="Sun Microsystems, Inc." implTitle="JAXB Reference Implementation " implVendorID="com.sun" implURL="http://www.jboss.org/" sealed="false" md5Digest="8f16c6337431c13866d637751dc3159b"/>
  <jar name="jaxen.jar" specVersion="4.2.2.GA" specVendor="Codehaus" specTitle="Universal Java XPath Engine" implVersion="1.1" implVendor="Codehaus" implTitle="org.jaxen" implVendorID="http://www.jboss.org/" implURL="http://www.jboss.org/" sealed="false" md5Digest="b249eff492dd93bf9105a7e10429f70d"/>
  <jar name="jaxws-rt.jar" specVersion="2.0" specVendor="JBoss (http://www.jboss.org/)" specTitle="The Java API for XML Web Services" implVersion="2.0" implVendor="Sun Microsystems Inc" implTitle="JAX-WS Implementation" implVendorID="com.sun" implURL="http://www.jboss.org/" sealed="false" md5Digest="4f903312aea736cd3e714ad4c8bd1ac1"/>
  <jar name="jaxws-tools.jar" specVersion="2.0" specVendor="JBoss (http://www.jboss.org/)" specTitle="The Java API for XML Web Services" implVersion="2.0" implVendor="Sun Microsystems Inc" implTitle="JAX-WS Implementation" implVendorID="com.sun" implURL="http://www.jboss.org/" sealed="false" md5Digest="5441863a20644003be8a2a4f81a4dad3"/>
  <jar name="jboss-annotations-ejb3.jar" specVersion="JBoss EJB 3.0 AS 4.2.1 GA" specVendor="JBoss" specTitle="JBoss EJB 3.0" implVersion="JBoss EJB 3.0 AS 4.2.1 GA" implVendor="JBoss" implTitle="JBoss EJB 3.0" implVendorID="http://www.jboss.org/" implURL="http://www.jboss.com/products/ejb3" sealed="false" md5Digest="5269b93585ed36f4663dea08dca4c50c"/>
  <jar name="jboss-aop-jdk50-client.jar" specVersion="jboss-aop-1.5.6.GA" specVendor="JBoss (http://www.jboss.org/)" specTitle="JBoss AOP Framework" implVersion="jboss-aop-1.5.6.GA" implVendor="JBoss.org" implTitle="JBoss AOP Framework" implVendorID="http://www.jboss.org/" implURL="http://www.jboss.org/" sealed="false" md5Digest="425c4d41f06afa21d8ecc2ad947d99a8"/>
  <jar name="jboss-aop-jdk50.jar" specVersion="jboss-aop-1.5.6.GA" specVendor="JBoss (http://www.jboss.org/)" specTitle="JBoss AOP Framework" implVersion="jboss-aop-1.5.6.GA" implVendor="JBoss.org" implTitle="JBoss AOP Framework" implVendorID="http://www.jboss.org/" implURL="http://www.jboss.org/" sealed="false" md5Digest="8dad7e13a986c0764301eb0a1210ef09"/>
  <jar name="jboss-aspect-jdk50-client.jar" specVersion="jboss-aspect-library-1.5" specVendor="JBoss (http://www.jboss.org/)" specTitle="JBoss AOP Aspect Library" implVersion="jboss-aspect-library-1.5" implVendor="JBoss Inc." implTitle="JBoss AOP Aspect Library" implVendorID="http://www.jboss.org/" implURL="http://www.jboss.org/" sealed="false" md5Digest="63718cb6e2f0146cf289327f3c42727"/>
  <jar name="jboss-aspect-library-jdk50.jar" specVersion="jboss-aspect-library-1.5" specVendor="JBoss (http://www.jboss.org/)" specTitle="JBoss AOP Aspect Library" implVersion="jboss-aspect-library-1.5" implVendor="JBoss Inc." implTitle="JBoss AOP Aspect Library" implVendorID="http://www.jboss.org/" implURL="http://www.jboss.org/" sealed="false" md5Digest="8d730a08cefdc1b1df98a8c9d56c674a"/>
  <jar name="jboss-bean-deployer.jar" specVersion="4.2.2.GA" specVendor="JBoss (http://www.jboss.org/)" specTitle="JBoss" implVersion="4.2.2.GA (build: SVNTag=JBoss_4_2_2_GA date=200710221139)" implVendor="JBoss Inc." implTitle="JBoss [Trinity]" implVendorID="http://www.jboss.org/" implURL="http://www.jboss.org/" sealed="false" md5Digest="2bdb4e92f2b6859193b4d47d01d70e52"/>
  <jar name="jboss-cache-jdk50.jar" specVersion="1.4.1.SP5" specVendor="JBoss Inc." specTitle="JBossCache" implVersion="1.4.1.SP5" implVendor="JBoss Inc." implTitle="JBossCache" implVendorID="http://www.jboss.org/" implURL="http://www.jboss.org/" sealed="false" md5Digest="5e9db23d01792d427111a0b28e5b490"/>
  <jar name="jboss-client.jar" specVersion="4.2.2.GA" specVendor="JBoss (http://www.jboss.org/)" specTitle="JBoss" implVersion="4.2.2.GA (build: SVNTag=JBoss_4_2_2_GA date=200710221139)" implVendor="JBoss Inc." implTitle="JBoss [Trinity]" implVendorID="http://www.jboss.org/" implURL="http://www.jboss.org/" sealed="false" md5Digest="20bc1d682d6a6618f337de1afbf15838"/>
  <jar name="jboss-common-client.jar" specVersion="1.2.1.GA" specVendor="JBoss (http://www.jboss.org/)" specTitle="JBoss Common" implVersion="1.2.1.GA (build: SVNTag=JBossCommon_1_2_1_GA date=200709251905)" implVendor="JBoss.org" implTitle="JBoss Common [Trinity]" implVendorID="http://www.jboss.org/" implURL="http://www.jboss.org/" sealed="false" md5Digest="fd24d3c5b53b76eeebabd5b8b2d2c99"/>
  <jar name="jboss-common-jdbc-wrapper.jar" specVersion="4.2.2.GA" specVendor="JBoss (http://www.jboss.org/)" specTitle="JBoss" implVersion="4.2.2.GA (build: SVNTag=JBoss_4_2_2_GA date=200710221139)" implVendor="JBoss Inc." implTitle="JBoss [Trinity]" implVendorID="http://www.jboss.org/" implURL="http://www.jboss.org/" sealed="false" md5Digest="5b76ecfd9fc2be747282fed0cb6b15"/>
  <jar name="jboss-common.jar" specVersion="1.2.1.GA" specVendor="JBoss (http://www.jboss.org/)" specTitle="JBoss Common" implVersion="1.2.1.GA (build: SVNTag=JBossCommon_1_2_1_GA date=200709251905)" implVendor="JBoss.org" implTitle="JBoss Common [Trinity]" implVendorID="http://www.jboss.org/" implURL="http://www.jboss.org/" sealed="false" md5Digest="8229a27c6de3790b0e430b7014368daa"/>
  <jar name="jboss-container.jar" specVersion="5.0.0" specVendor="JBoss (http://www.jboss.org/)" specTitle="JBoss" implVersion="5.0.0alpha (build: CVSTag=HEAD date=200601252203)" implVendor="JBoss.org" implTitle="JBoss [TheOne]" implVendorID="http://www.jboss.org/" implURL="http://www.jboss.org/" sealed="false" md5Digest="7269c8e204dd69b977e6e482a0ced8de"/>
  <jar name="jboss-dependency.jar" specVersion="5.0.0" specVendor="JBoss (http://www.jboss.org/)" specTitle="JBoss" implVersion="5.0.0alpha (build: CVSTag=HEAD date=200601252203)" implVendor="JBoss.org" implTitle="JBoss [TheOne]" implVendorID="http://www.jboss.org/" implURL="http://www.jboss.org/" sealed="false" md5Digest="96cf1b911e7aed5a8e12ae4f3ec29458"/>
  <jar name="jboss-deployment.jar" specVersion="1.1" specVendor="Sun Microsystems, Inc." specTitle="J2EE Deployment API" implVersion="1.1-DEV" implVendor="JBoss Inc." implTitle="JBoss JSR-88 Deployment API" implVendorID="http://www.jboss.org/" implURL="http://www.jboss.org/" sealed="false" md5Digest="c4f433192260a397438535d8753330f8"/>
  <jar name="jboss-ejb3-client.jar" specVersion="JBoss EJB 3.0 AS 4.2.1 GA" specVendor="JBoss" specTitle="JBoss EJB 3.0" implVersion="JBoss EJB 3.0 AS 4.2.1 GA" implVendor="JBoss" implTitle="JBoss EJB 3.0" implVendorID="http://www.jboss.org/" implURL="http://www.jboss.com/products/ejb3" sealed="false" md5Digest="5672c32c50d26e198dd4fd8f1a0a83c8"/>
  <jar name="jboss-ejb3.jar" specVersion="JBoss EJB 3.0 AS 4.2.1 GA" specVendor="JBoss" specTitle="JBoss EJB 3.0" implVersion="JBoss EJB 3.0 AS 4.2.1 GA" implVendor="JBoss" implTitle="JBoss EJB 3.0" implVendorID="http://www.jboss.org/" implURL="http://www.jboss.com/products/ejb3" sealed="false" md5Digest="9d9ec330a80ff1b8a2cedd4d369d323b"/>
  <jar name="jboss-ejb3x.jar" specVersion="4.2.2.GA" specVendor="JBoss (http://www.jboss.org/)" specTitle="JBoss" implVersion="4.2.2.GA (build: SVNTag=JBoss_4_2_2_GA date=200710221139)" implVendor="JBoss Inc." implTitle="JBoss [Trinity]" implVendorID="http://www.jboss.org/" implURL="http://www.jboss.org/" sealed="false" md5Digest="45a969e99245d1464c996c715fa40194"/>
  <jar name="jboss-faces.jar" specVersion="4.2.2.GA" specVendor="JBoss (http://www.jboss.org/)" specTitle="JBoss" implVersion="4.2.2.GA (build: SVNTag=JBoss_4_2_2_GA date=200710221139)" implVendor="JBoss Inc." implTitle="JBoss [Trinity]" implVendorID="http://www.jboss.org/" implURL="http://www.jboss.org/" sealed="false" md5Digest="844e563156adf9f0f0fe3373e216479c"/>
  <jar name="jboss-ha-local-jdbc.rar" specVersion="4.2.2.GA" specVendor="JBoss (http://www.jboss.org/)" specTitle="JBoss" implVersion="4.2.2.GA (build: SVNTag=JBoss_4_2_2_GA date=200710221139)" implVendor="JBoss Inc." implTitle="JBoss [Trinity]" implVendorID="http://www.jboss.org/" implURL="http://www.jboss.org/" sealed="false" md5Digest="ea7db12d05923793e1ae7e5b23d60295"/>
  <jar name="jboss-ha-xa-jdbc.rar" specVersion="4.2.2.GA" specVendor="JBoss (http://www.jboss.org/)" specTitle="JBoss" implVersion="4.2.2.GA (build: SVNTag=JBoss_4_2_2_GA date=200710221139)" implVendor="JBoss Inc." implTitle="JBoss [Trinity]" implVendorID="http://www.jboss.org/" implURL="http://www.jboss.org/" sealed="false" md5Digest="31f3cac25d7f61417dcb6b075da8fcb3"/>
  <jar name="jboss-hibernate.jar" specVersion="4.2.2.GA" specVendor="JBoss (http://www.jboss.org/)" specTitle="JBoss" implVersion="4.2.2.GA (build: SVNTag=JBoss_4_2_2_GA date=200710221139)" implVendor="JBoss Inc." implTitle="JBoss [Trinity]" implVendorID="http://www.jboss.org/" implURL="http://www.jboss.org/" sealed="false" md5Digest="40b513d62cbe21e101a06d4d3a5320ad"/>
  <jar name="jboss-iiop-client.jar" specVersion="4.2.2.GA" specVendor="JBoss (http://www.jboss.org/)" specTitle="JBoss" implVersion="4.2.2.GA (build: SVNTag=JBoss_4_2_2_GA date=200710221139)" implVendor="JBoss Inc." implTitle="JBoss [Trinity]" implVendorID="http://www.jboss.org/" implURL="http://www.jboss.org/" sealed="false" md5Digest="f82b87109fe3d9ac137ba0a5ee03867b"/>
  <jar name="jboss-iiop.jar" specVersion="4.2.2.GA" specVendor="JBoss (http://www.jboss.org/)" specTitle="JBoss" implVersion="4.2.2.GA (build: SVNTag=JBoss_4_2_2_GA date=200710221139)" implVendor="JBoss Inc." implTitle="JBoss [Trinity]" implVendorID="http://www.jboss.org/" implURL="http://www.jboss.org/" sealed="false" md5Digest="ccf40add442926ecf917669c263b7f28"/>
  <jar name="jboss-j2ee.jar" specVersion="4.2.2.GA" specVendor="JBoss (http://www.jboss.org/)" specTitle="JBoss" implVersion="4.2.2.GA (build: SVNTag=JBoss_4_2_2_GA date=200710221139)" implVendor="JBoss Inc." implTitle="JBoss [Trinity]" implVendorID="http://www.jboss.org/" implURL="http://www.jboss.org/" sealed="false" md5Digest="8eb31ff3d3eff9c62f54155022527c37"/>
  <jar name="jboss-jaxb-intros.jar" specVersion="jbossws-2.0" specVendor="JBoss (http://www.jboss.org)" specTitle="JBossWS" implVersion="jbossws-1.0.0.beta2 (build=200709211102)" implVendor="JBoss Inc." implTitle="JBoss Web Services - Integration JBoss42" implVendorID="http://www.jboss.org" implURL="http://www.jboss.org/products/jbossws" sealed="false" md5Digest="95e0cffa4a1486da79fcf9bfbb3b6a87"/>
  <jar name="jboss-jaxrpc.jar" specVersion="jbossws-2.0" specVendor="JBoss (http://www.jboss.org)" specTitle="JBossWS" implVersion="jbossws-native-2.0.1.SP2 (build=200710210837)" implVendor="JBoss Inc." implTitle="JBoss Web Services - Native" implVendorID="http://www.jboss.org" implURL="http://www.jboss.org/products/jbossws" sealed="false" md5Digest="c30250a0829ed499057cb7606e979cfe"/>
  <jar name="jboss-jaxws.jar" specVersion="jbossws-2.0" specVendor="JBoss (http://www.jboss.org)" specTitle="JBossWS" implVersion="jbossws-native-2.0.1.SP2 (build=200710210837)" implVendor="JBoss Inc." implTitle="JBoss Web Services - Native" implVendorID="http://www.jboss.org" implURL="http://www.jboss.org/products/jbossws" sealed="false" md5Digest="bb1d5aee943bae01888fc5d09f146439"/>
  <jar name="jboss-jca.jar" specVersion="4.2.2.GA" specVendor="JBoss (http://www.jboss.org/)" specTitle="JBoss" implVersion="4.2.2.GA (build: SVNTag=JBoss_4_2_2_GA date=200710221139)" implVendor="JBoss Inc." implTitle="JBoss [Trinity]" implVendorID="http://www.jboss.org/" implURL="http://www.jboss.org/" sealed="false" md5Digest="d5c371e87101c2c77228b4aa7569319a"/>
  <jar name="jboss-jmx.jar" specVersion="4.2.2.GA" specVendor="JBoss (http://www.jboss.org/)" specTitle="JBoss" implVersion="4.2.2.GA (build: SVNTag=JBoss_4_2_2_GA date=200710221139)" implVendor="JBoss Inc." implTitle="JBoss [Trinity]" implVendorID="http://www.jboss.org/" implURL="http://www.jboss.org/" sealed="false" md5Digest="18292a022d34e86051034a8985da3a1"/>
  <jar name="jboss-jsr77-client.jar" specVersion="4.2.2.GA" specVendor="JBoss (http://www.jboss.org/)" specTitle="JBoss" implVersion="4.2.2.GA (build: SVNTag=JBoss_4_2_2_GA date=200710221139)" implVendor="JBoss Inc." implTitle="JBoss [Trinity]" implVendorID="http://www.jboss.org/" implURL="http://www.jboss.org/" sealed="false" md5Digest="1c720e6bcd8ba9f1316d0666cd3b46b"/>
  <jar name="jboss-jsr77.jar" specVersion="4.2.2.GA" specVendor="JBoss (http://www.jboss.org/)" specTitle="JBoss" implVersion="4.2.2.GA (build: SVNTag=JBoss_4_2_2_GA date=200710221139)" implVendor="JBoss Inc." implTitle="JBoss [Trinity]" implVendorID="http://www.jboss.org/" implURL="http://www.jboss.org/" sealed="false" md5Digest="d8166a94bda3a2c14c5f40994f85a420"/>
  <jar name="jboss-jsr88.jar" specVersion="4.2.2.GA" specVendor="JBoss (http://www.jboss.org/)" specTitle="JBoss" implVersion="4.2.2.GA (build: SVNTag=JBoss_4_2_2_GA date=200710221139)" implVendor="JBoss Inc." implTitle="JBoss [Trinity]" implVendorID="http://www.jboss.org/" implURL="http://www.jboss.org/" sealed="false" md5Digest="a237be00be258fc1d0e4d7c9593e515e"/>
  <jar name="jboss-local-jdbc.rar" specVersion="4.2.2.GA" specVendor="JBoss (http://www.jboss.org/)" specTitle="JBoss" implVersion="4.2.2.GA (build: SVNTag=JBoss_4_2_2_GA date=200710221139)" implVendor="JBoss Inc." implTitle="JBoss [Trinity]" implVendorID="http://www.jboss.org/" implURL="http://www.jboss.org/" sealed="false" md5Digest="cce49f45ed11af1d9b5465b6629b6301"/>
  <jar name="jboss-management.jar" specVersion="4.2.2.GA" specVendor="JBoss (http://www.jboss.org/)" specTitle="JBoss" implVersion="4.2.2.GA (build: SVNTag=JBoss_4_2_2_GA date=200710221139)" implVendor="JBoss Inc." implTitle="JBoss [Trinity]" implVendorID="http://www.jboss.org/" implURL="http://www.jboss.org/" sealed="false" md5Digest="b79d67597b3ab340d59245a5a6645ea2"/>
  <jar name="jboss-microcontainer.jar" specVersion="5.0.0" specVendor="JBoss (http://www.jboss.org/)" specTitle="JBoss" implVersion="5.0.0alpha (build: CVSTag=HEAD date=200601252203)" implVendor="JBoss.org" implTitle="JBoss [TheOne]" implVendorID="http://www.jboss.org/" implURL="http://www.jboss.org/" sealed="false" md5Digest="8de8f1875d2997eb19471578e7d8ad1f"/>
  <jar name="jboss-minimal.jar" specVersion="4.2.2.GA" specVendor="JBoss (http://www.jboss.org/)" specTitle="JBoss" implVersion="4.2.2.GA (build: SVNTag=JBoss_4_2_2_GA date=200710221139)" implVendor="JBoss Inc." implTitle="JBoss [Trinity]" implVendorID="http://www.jboss.org/" implURL="http://www.jboss.org/" sealed="false" md5Digest="4efc819e382337f74f6e063620aea0f2"/>
  <jar name="jboss-monitoring.jar" specVersion="4.2.2.GA" specVendor="JBoss (http://www.jboss.org/)" specTitle="JBoss" implVersion="4.2.2.GA (build: SVNTag=JBoss_4_2_2_GA date=200710221139)" implVendor="JBoss Inc." implTitle="JBoss [Trinity]" implVendorID="http://www.jboss.org/" implURL="http://www.jboss.org/" sealed="false" md5Digest="31f4172bcf77b4e1a63e980379abc16b"/>
  <jar name="jboss-remoting-int.jar" specVersion="4.2.2.GA" specVendor="JBoss (http://www.jboss.org/)" specTitle="JBoss" implVersion="4.2.2.GA (build: SVNTag=JBoss_4_2_2_GA date=200710221139)" implVendor="JBoss Inc." implTitle="JBoss [Trinity]" implVendorID="http://www.jboss.org/" implURL="http://www.jboss.org/" sealed="false" md5Digest="1ee5a4cfe167190756efd90d1e330c7e"/>
  <jar name="jboss-remoting.jar" specVersion="4.2.2.GA" specVendor="JBoss (http://www.jboss.org/)" specTitle="JBoss" implVersion="4.2.2.GA (build: SVNTag=JBoss_4_2_2_GA date=200710221139)" implVendor="JBoss Inc." implTitle="JBoss [Trinity]" implVendorID="http://www.jboss.org/" implURL="http://www.jboss.org/" sealed="false" md5Digest="2370582bc2a8091943a33e85c306c991"/>
  <jar name="jboss-saaj.jar" specVersion="jbossws-2.0" specVendor="JBoss (http://www.jboss.org)" specTitle="JBossWS" implVersion="jbossws-native-2.0.1.SP2 (build=200710210837)" implVendor="JBoss Inc." implTitle="JBoss Web Services - Native" implVendorID="http://www.jboss.org" implURL="http://www.jboss.org/products/jbossws" sealed="false" md5Digest="d55e576ee5690c344959028e8028ea15"/>
  <jar name="jboss-serialization.jar" specVersion="4.2.2.GA" specVendor="JBoss (http://www.jboss.org/)" specTitle="JBoss" implVersion="4.2.2.GA (build: SVNTag=JBoss_4_2_2_GA date=200710221139)" implVendor="JBoss Inc." implTitle="JBoss [Trinity]" implVendorID="http://www.jboss.org/" implURL="http://www.jboss.org/" sealed="false" md5Digest="8cb1463e85511af9f2cb3a3ac37cc639"/>
  <jar name="jboss-srp-client.jar" specVersion="4.2.2.GA" specVendor="JBoss (http://www.jboss.org/)" specTitle="JBoss" implVersion="4.2.2.GA (build: SVNTag=JBoss_4_2_2_GA date=200710221139)" implVendor="JBoss Inc." implTitle="JBoss [Trinity]" implVendorID="http://www.jboss.org/" implURL="http://www.jboss.org/" sealed="false" md5Digest="6360927015142477213b529fa96ccfe6"/>
  <jar name="jboss-srp.jar" specVersion="4.2.2.GA" specVendor="JBoss (http://www.jboss.org/)" specTitle="JBoss" implVersion="4.2.2.GA (build: SVNTag=JBoss_4_2_2_GA date=200710221139)" implVendor="JBoss Inc." implTitle="JBoss [Trinity]" implVendorID="http://www.jboss.org/" implURL="http://www.jboss.org/" sealed="false" md5Digest="89164b73208742f107785f9abf1317b1"/>
  <jar name="jboss-system-client.jar" specVersion="4.2.2.GA" specVendor="JBoss (http://www.jboss.org/)" specTitle="JBoss" implVersion="4.2.2.GA (build: SVNTag=JBoss_4_2_2_GA date=200710221139)" implVendor="JBoss Inc." implTitle="JBoss [Trinity]" implVendorID="http://www.jboss.org/" implURL="http://www.jboss.org/" sealed="false" md5Digest="e91449608e1e483ddfc67b8644689787"/>
  <jar name="jboss-system.jar" specVersion="4.2.2.GA" specVendor="JBoss (http://www.jboss.org/)" specTitle="JBoss" implVersion="4.2.2.GA (build: SVNTag=JBoss_4_2_2_GA date=200710221139)" implVendor="JBoss Inc." implTitle="JBoss [Trinity]" implVendorID="http://www.jboss.org/" implURL="http://www.jboss.org/" sealed="false" md5Digest="999f374ab94921f6ee97ab35ac4fff94"/>
  <jar name="jboss-transaction-client.jar" specVersion="4.2.2.GA" specVendor="JBoss (http://www.jboss.org/)" specTitle="JBoss" implVersion="4.2.2.GA (build: SVNTag=JBoss_4_2_2_GA date=200710221139)" implVendor="JBoss Inc." implTitle="JBoss [Trinity]" implVendorID="http://www.jboss.org/" implURL="http://www.jboss.org/" sealed="false" md5Digest="ff00ea3ea7e6b458e587b8c80bdc55e8"/>
  <jar name="jboss-transaction.jar" specVersion="4.2.2.GA" specVendor="JBoss (http://www.jboss.org/)" specTitle="JBoss" implVersion="4.2.2.GA (build: SVNTag=JBoss_4_2_2_GA date=200710221139)" implVendor="JBoss Inc." implTitle="JBoss [Trinity]" implVendorID="http://www.jboss.org/" implURL="http://www.jboss.org/" sealed="false" md5Digest="c37c740771e06bf2efcdffefe20f42f5"/>
  <jar name="jboss-vfs.jar" specVersion="1.0.0.GA" specVendor="JBoss, A division of Red Hat" specTitle="JBoss VFS" implVersion="1.0.0.GA" implVendor="JBoss, A division of Red Hat" implTitle="JBoss VFS" implVendorID="jboss" implURL="http://www.jboss.org/" sealed="false" md5Digest="6489e069e50f952bd004ab0b93a2f1fe"/>
  <jar name="jboss-web-cluster.aop" specVersion="4.2.2.GA" specVendor="JBoss (http://www.jboss.org/)" specTitle="JBoss" implVersion="4.2.2.GA (build: SVNTag=JBoss_4_2_2_GA date=200710221139)" implVendor="JBoss Inc." implTitle="JBoss [Trinity]" implVendorID="http://www.jboss.org/" implURL="http://www.jboss.org/" sealed="false" md5Digest="9071332e9f5ffccb8a83a97379eebe44"/>
  <jar name="jboss-xa-jdbc.rar" specVersion="4.2.2.GA" specVendor="JBoss (http://www.jboss.org/)" specTitle="JBoss" implVersion="4.2.2.GA (build: SVNTag=JBoss_4_2_2_GA date=200710221139)" implVendor="JBoss Inc." implTitle="JBoss [Trinity]" implVendorID="http://www.jboss.org/" implURL="http://www.jboss.org/" sealed="false" md5Digest="8b85edf20bb80346b0b8680961a59a89"/>
  <jar name="jboss-xml-binding.jar" specVersion="1.0.0.SP1" specVendor="JBoss Inc." specTitle="JBoss XML Binding" implVersion="1.0.0.SP1" implVendor="JBoss Inc." implTitle="JBoss XML Binding" implVendorID="org.jboss" implURL="http://www.jboss.org" sealed="false" md5Digest="d0cc2c41ee6633d9a0fe434375567aa9"/>
  <jar name="jboss.jar" specVersion="4.2.2.GA" specVendor="JBoss (http://www.jboss.org/)" specTitle="JBoss" implVersion="4.2.2.GA (build: SVNTag=JBoss_4_2_2_GA date=200710221139)" implVendor="JBoss Inc." implTitle="JBoss [Trinity]" implVendorID="http://www.jboss.org/" implURL="http://www.jboss.org/" sealed="false" md5Digest="8f831cdb4ef1b84205ab1ada9b66f2f5"/>
  <jar name="jbossall-client.jar" specVersion="4.2.2.GA" specVendor="JBoss (http://www.jboss.org/)" specTitle="JBoss" implVersion="4.2.2.GA (build: SVNTag=JBoss_4_2_2_GA date=200710221139)" implVendor="JBoss Inc." implTitle="JBoss [Trinity]" implVendorID="http://www.jboss.org/" implURL="http://www.jboss.org/" sealed="false" md5Digest="8f9bc3725711bb72782d7074f0305822"/>
  <jar name="jbosscx-client.jar" specVersion="4.2.2.GA" specVendor="JBoss (http://www.jboss.org/)" specTitle="JBoss" implVersion="4.2.2.GA (build: SVNTag=JBoss_4_2_2_GA date=200710221139)" implVendor="JBoss Inc." implTitle="JBoss [Trinity]" implVendorID="http://www.jboss.org/" implURL="http://www.jboss.org/" sealed="false" md5Digest="42780b99aee25acfb3fd3c75da0c0a0f"/>
  <jar name="jbossha-client.jar" specVersion="4.2.2.GA" specVendor="JBoss (http://www.jboss.org/)" specTitle="JBoss" implVersion="4.2.2.GA (build: SVNTag=JBoss_4_2_2_GA date=200710221139)" implVendor="JBoss Inc." implTitle="JBoss [Trinity]" implVendorID="http://www.jboss.org/" implURL="http://www.jboss.org/" sealed="false" md5Digest="7e1074c10b0a94b6b1489cb111af5c78"/>
  <jar name="jbossha.jar" specVersion="4.2.2.GA" specVendor="JBoss (http://www.jboss.org/)" specTitle="JBoss" implVersion="4.2.2.GA (build: SVNTag=JBoss_4_2_2_GA date=200710221139)" implVendor="JBoss Inc." implTitle="JBoss [Trinity]" implVendorID="http://www.jboss.org/" implURL="http://www.jboss.org/" sealed="false" md5Digest="a8d0868c15c1a2b0dfd034f74f444240"/>
  <jar name="jbossjmx-ant.jar" specVersion="4.2.2.GA" specVendor="JBoss (http://www.jboss.org/)" specTitle="JBoss" implVersion="4.2.2.GA (build: SVNTag=JBoss_4_2_2_GA date=200710221139)" implVendor="JBoss Inc." implTitle="JBoss [Trinity]" implVendorID="http://www.jboss.org/" implURL="http://www.jboss.org/" sealed="false" md5Digest="e2be1a34fa34917fc24cb4f3a7acb3c3"/>
  <jar name="jbossjta-integration.jar" specVersion="4.2.2.GA" specVendor="JBoss (http://www.jboss.org/)" specTitle="JBoss" implVersion="4.2.2.GA (build: SVNTag=JBoss_4_2_2_GA date=200710221139)" implVendor="JBoss Inc." implTitle="JBoss [Trinity]" implVendorID="http://www.jboss.org/" implURL="http://www.jboss.org/" sealed="false" md5Digest="acc01ad08189a9fcb6d8605127a58765"/>
  <jar name="jbossjta.jar" specVersion="4.2.2.GA" specVendor="JBoss (http://www.jboss.org/)" specTitle="JBoss" implVersion="4.2.2.GA (build: SVNTag=JBoss_4_2_2_GA date=200710221139)" implVendor="JBoss Inc." implTitle="JBoss [Trinity]" implVendorID="http://www.jboss.org/" implURL="http://www.jboss.org/" sealed="false" md5Digest="2bb1a5f26e183b778f8cb0f94321ce49"/>
  <jar name="jbossmq-client.jar" specVersion="4.2.2.GA" specVendor="JBoss (http://www.jboss.org/)" specTitle="JBoss" implVersion="4.2.2.GA (build: SVNTag=JBoss_4_2_2_GA date=200710221139)" implVendor="JBoss Inc." implTitle="JBoss [Trinity]" implVendorID="http://www.jboss.org/" implURL="http://www.jboss.org/" sealed="false" md5Digest="c8efa4fcc79c12b73c2f5255b308a0ae"/>
  <jar name="jbossmq.jar" specVersion="4.2.2.GA" specVendor="JBoss (http://www.jboss.org/)" specTitle="JBoss" implVersion="4.2.2.GA (build: SVNTag=JBoss_4_2_2_GA date=200710221139)" implVendor="JBoss Inc." implTitle="JBoss [Trinity]" implVendorID="http://www.jboss.org/" implURL="http://www.jboss.org/" sealed="false" md5Digest="c4cb6f723e8047e602b3102b61635af2"/>
  <jar name="jbosssx-client.jar" specVersion="4.2.2.GA" specVendor="JBoss (http://www.jboss.org/)" specTitle="JBoss" implVersion="4.2.2.GA (build: SVNTag=JBoss_4_2_2_GA date=200710221139)" implVendor="JBoss Inc." implTitle="JBoss [Trinity]" implVendorID="http://www.jboss.org/" implURL="http://www.jboss.org/" sealed="false" md5Digest="1cf810a93616a4df61d18aa2cebcd456"/>
  <jar name="jbosssx.jar" specVersion="4.2.2.GA" specVendor="JBoss (http://www.jboss.org/)" specTitle="JBoss" implVersion="4.2.2.GA (build: SVNTag=JBoss_4_2_2_GA date=200710221139)" implVendor="JBoss Inc." implTitle="JBoss [Trinity]" implVendorID="http://www.jboss.org/" implURL="http://www.jboss.org/" sealed="false" md5Digest="6da3acbd9d86b4d62433756eacd5892f"/>
  <jar name="jbossts-common.jar" specVersion="4.2.2.GA" specVendor="JBoss (http://www.jboss.org/)" specTitle="JBoss" implVersion="4.2.2.GA (build: SVNTag=JBoss_4_2_2_GA date=200710221139)" implVendor="JBoss Inc." implTitle="JBoss [Trinity]" implVendorID="http://www.jboss.org/" implURL="http://www.jboss.org/" sealed="false" md5Digest="b9be36eea5c9c0155332edca36d779c3"/>
  <jar name="jbossweb-extras.jar" specVersion="4.2.2.GA" specVendor="JBoss (http://www.jboss.org/)" specTitle="JBoss" implVersion="4.2.2.GA (build: SVNTag=JBoss_4_2_2_GA date=200710221139)" implVendor="JBoss Inc." implTitle="JBoss [Trinity]" implVendorID="http://www.jboss.org/" implURL="http://www.jboss.org/" sealed="false" md5Digest="23229348d2a18cdeb8a6efb237a9132a"/>
  <jar name="jbossweb-service.jar" specVersion="4.2.2.GA" specVendor="JBoss (http://www.jboss.org/)" specTitle="JBoss" implVersion="4.2.2.GA (build: SVNTag=JBoss_4_2_2_GA date=200710221139)" implVendor="JBoss Inc." implTitle="JBoss [Trinity]" implVendorID="http://www.jboss.org/" implURL="http://www.jboss.org/" sealed="false" md5Digest="1813aaa162fa6ad5410d2ba66b0e0afc"/>
  <jar name="jbossweb.jar" specVersion="4.2.2.GA" specVendor="JBoss (http://www.jboss.org/)" specTitle="JBoss" implVersion="4.2.2.GA (build: SVNTag=JBoss_4_2_2_GA date=200710221139)" implVendor="JBoss Inc." implTitle="JBoss [Trinity]" implVendorID="http://www.jboss.org/" implURL="http://www.jboss.org/" sealed="false" md5Digest="ad22656142ba7994316056cd7ff999e5"/>
  <jar name="jbossws-client.jar" specVersion="jbossws-2.0" specVendor="JBoss (http://www.jboss.org)" specTitle="JBossWS" implVersion="jbossws-native-2.0.1.SP2 (build=200710210837)" implVendor="JBoss Inc." implTitle="JBoss Web Services - Native" implVendorID="http://www.jboss.org" implURL="http://www.jboss.org/products/jbossws" sealed="false" md5Digest="c44cab99583fac7ce3d8f3788a5e7f76"/>
  <jar name="jbossws-common.jar" specVersion="jbossws-2.0" specVendor="JBoss (http://www.jboss.org)" specTitle="JBossWS" implVersion="jbossws-1.0.0.GA (build=200708171750)" implVendor="JBoss Inc." implTitle="JBoss Web Services - Common" implVendorID="http://www.jboss.org" implURL="http://www.jboss.org/products/jbossws" sealed="false" md5Digest="e346fdc51051cc117a7e03b721269bfc"/>
  <jar name="jbossws-core.jar" specVersion="jbossws-2.0" specVendor="JBoss (http://www.jboss.org)" specTitle="JBossWS" implVersion="jbossws-native-2.0.1.SP2 (build=200710210837)" implVendor="JBoss Inc." implTitle="JBoss Web Services - Native" implVendorID="http://www.jboss.org" implURL="http://www.jboss.org/products/jbossws" sealed="false" md5Digest="db3f582743c653cbb7a0458c46130b84"/>
  <jar name="jbossws-framework.jar" specVersion="jbossws-2.0" specVendor="JBoss (http://www.jboss.org)" specTitle="JBossWS" implVersion="jbossws-2.0.1.GA (build=200708171602)" implVendor="JBoss Inc." implTitle="JBoss Web Services - Framework" implVendorID="http://www.jboss.org" implURL="http://www.jboss.org/products/jbossws" sealed="false" md5Digest="55d960c4f414da5a8814923547e3ceab"/>
  <jar name="jbossws-jboss42.jar" specVersion="4.2.2.GA" specVendor="JBoss (http://www.jboss.org/)" specTitle="JBoss" implVersion="4.2.2.GA (build: SVNTag=JBoss_4_2_2_GA date=200710221139) (build=200710221143)" implVendor="JBoss Inc." implTitle="JBoss [Trinity]" implVendorID="http://www.jboss.org/" implURL="http://www.jboss.org/" sealed="false" md5Digest="2d18d862e6c4cc8ebc65fae9f329bbf2"/>
  <jar name="jbossws-native.jar" specVersion="jbossws-2.0" specVendor="JBoss (http://www.jboss.org)" specTitle="JBossWS" implVersion="jbossws-native-2.0.1.SP2 (build=200710210837)" implVendor="JBoss Inc." implTitle="JBoss Web Services - Native" implVendorID="http://www.jboss.org" implURL="http://www.jboss.org/products/jbossws" sealed="false" md5Digest="47a893abafab9b28d9bb0f4e4b8fb5a9"/>
  <jar name="jbossws-spi.jar" specVersion="jbossws-2.0" specVendor="JBoss (http://www.jboss.org)" specTitle="JBossWS" implVersion="jbossws-1.0.0.GA (build=200708171551)" implVendor="JBoss Inc." implTitle="JBoss Web Services - SPI" implVendorID="http://www.jboss.org" implURL="http://www.jboss.org/products/jbossws" sealed="false" md5Digest="25ad14fc665f929b51ea0ea3f63ccc88"/>
  <jar name="jcommon.jar" specVersion="4.2.2.GA" specVendor="JBoss (http://www.jboss.org/)" specTitle="JBoss" implVersion="4.2.2.GA (build: SVNTag=JBoss_4_2_2_GA date=200710221139)" implVendor="JBoss Inc." implTitle="JBoss [Trinity]" implVendorID="http://www.jboss.org/" implURL="http://www.jboss.org/" sealed="false" md5Digest="91918d9bafa2bd73bfb6aaa70f57c737"/>
  <jar name="jfreechart.jar" specVersion="4.2.2.GA" specVendor="JBoss (http://www.jboss.org/)" specTitle="JBoss" implVersion="4.2.2.GA (build: SVNTag=JBoss_4_2_2_GA date=200710221139)" implVendor="JBoss Inc." implTitle="JBoss [Trinity]" implVendorID="http://www.jboss.org/" implURL="http://www.jboss.org/" sealed="false" md5Digest="57880f213b051804087b630597bf55e2"/>
  <jar name="jgroups.jar" specVersion="4.2.2.GA" specVendor="JBoss (http://www.jboss.org/)" specTitle="JBoss" implVersion="2.4.1-SP4" implVendor="JBoss Inc." implTitle="JBoss [Trinity]" implVendorID="http://www.jboss.org/" implURL="http://www.jboss.org/" sealed="false" md5Digest="5695bc440309e6da0418d135d594284c"/>
  <jar name="jms-ra.rar" specVersion="4.2.2.GA" specVendor="JBoss (http://www.jboss.org/)" specTitle="JBoss" implVersion="4.2.2.GA (build: SVNTag=JBoss_4_2_2_GA date=200710221139)" implVendor="JBoss Inc." implTitle="JBoss [Trinity]" implVendorID="http://www.jboss.org/" implURL="http://www.jboss.org/" sealed="false" md5Digest="125ee136d4dd9f99768083f69dc2a2ea"/>
  <jar name="jmx-adaptor-plugin.jar" specVersion="4.2.2.GA" specVendor="JBoss (http://www.jboss.org/)" specTitle="JBoss" implVersion="4.2.2.GA (build: SVNTag=JBoss_4_2_2_GA date=200710221139)" implVendor="JBoss Inc." implTitle="JBoss [Trinity]" implVendorID="http://www.jboss.org/" implURL="http://www.jboss.org/" sealed="false" md5Digest="5a15cc238e4c34c934d84a3847078ed0"/>
  <jar name="jmx-client.jar" specVersion="4.2.2.GA" specVendor="JBoss (http://www.jboss.org/)" specTitle="JBoss" implVersion="4.2.2.GA (build: SVNTag=JBoss_4_2_2_GA date=200710221139)" implVendor="JBoss Inc." implTitle="JBoss [Trinity]" implVendorID="http://www.jboss.org/" implURL="http://www.jboss.org/" sealed="false" md5Digest="ace952f2e5dbcbbbd6939864a23ab6cf"/>
  <jar name="jmx-invoker-adaptor-client.jar" specVersion="4.2.2.GA" specVendor="JBoss (http://www.jboss.org/)" specTitle="JBoss" implVersion="4.2.2.GA (build: SVNTag=JBoss_4_2_2_GA date=200710221139)" implVendor="JBoss Inc." implTitle="JBoss [Trinity]" implVendorID="http://www.jboss.org/" implURL="http://www.jboss.org/" sealed="false" md5Digest="d83a75362d1044f41dffa0b30a4c6bf6"/>
  <jar name="jnp-client.jar" specVersion="4.2.2.GA" specVendor="JBoss (http://www.jboss.org/)" specTitle="JBoss" implVersion="4.2.2.GA (build: SVNTag=JBoss_4_2_2_GA date=200710221139)" implVendor="JBoss Inc." implTitle="JBoss [Trinity]" implVendorID="http://www.jboss.org/" implURL="http://www.jboss.org/" sealed="false" md5Digest="9881bc9ae412eaf3880d3df07bace4cc"/>
  <jar name="jnpserver.jar" specVersion="4.2.2.GA" specVendor="JBoss (http://www.jboss.org/)" specTitle="JBoss" implVersion="4.2.2.GA (build: SVNTag=JBoss_4_2_2_GA date=200710221139)" implVendor="JBoss Inc." implTitle="JBoss [Trinity]" implVendorID="http://www.jboss.org/" implURL="http://www.jboss.org/" sealed="false" md5Digest="e45d8fda0364175639ac85fb70da4e0c"/>
  <jar name="joesnmp.jar" specVersion="4.2.2.GA" specVendor="JBoss (http://www.jboss.org/)" specTitle="JBoss" implVersion="0.3.4" implVendor="joeSNMP" implTitle="JBoss [Trinity]" implVendorID="http://www.jboss.org/" implURL="http://sourceforge.net/projects/joesnmp" sealed="false" md5Digest="48c5fc3149880fe13792c8733f31a384"/>
  <jar name="jpl-pattern.jar" specVersion="4.2.2.GA" specVendor="JBoss (http://www.jboss.org/)" specTitle="JBoss" implVersion="4.2.2.GA (build: SVNTag=JBoss_4_2_2_GA date=200710221139)" implVendor="JBoss Inc." implTitle="JBoss [Trinity]" implVendorID="http://www.jboss.org/" implURL="http://www.jboss.org/" sealed="false" md5Digest="bf0cf186fcf6ee580dc5be2ecc3a86c7"/>
  <jar name="jpl-util.jar" specVersion="4.2.2.GA" specVendor="JBoss (http://www.jboss.org/)" specTitle="JBoss" implVersion="4.2.2.GA (build: SVNTag=JBoss_4_2_2_GA date=200710221139)" implVendor="JBoss Inc." implTitle="JBoss [Trinity]" implVendorID="http://www.jboss.org/" implURL="http://www.jboss.org/" sealed="false" md5Digest="c3cb2c7fb546d78a9fcf151d869afd67"/>
  <jar name="jsf-api.jar" specVersion="1.2MR1" specVendor="JBoss (http://www.jboss.org/)" specTitle="JavaServer Faces" implVersion="1.2_04-b16-p02" implVendor="Sun Microsystems, Inc." implTitle="Sun Microsystems JavaServer Faces Implementation" implVendorID="com.sun" implURL="http://www.jboss.org/" sealed="false" md5Digest="996f20ee840b6caeafa739aaadb8cc86"/>
  <jar name="jsf-impl.jar" specVersion="1.2MR1" specVendor="JBoss (http://www.jboss.org/)" specTitle="JavaServer Faces" implVersion="1.2_04-b16-p02" implVendor="Sun Microsystems, Inc." implTitle="Sun Microsystems JavaServer Faces Implementation" implVendorID="com.sun" implURL="http://www.jboss.org/" sealed="false" md5Digest="42e763a3f932ede319e9f003b88d0068"/>
  <jar name="jsp-api.jar" specVersion="4.2.2.GA" specVendor="JBoss (http://www.jboss.org/)" specTitle="JBoss" implVersion="4.2.2.GA (build: SVNTag=JBoss_4_2_2_GA date=200710221139)" implVendor="JBoss Inc." implTitle="JBoss [Trinity]" implVendorID="http://www.jboss.org/" implURL="http://www.jboss.org/" sealed="false" md5Digest="80323926f48818d411934fa9a320bcc1"/>
  <jar name="jstl.jar" specVersion="1.2" specVendor="Sun Microsystems, Inc." specTitle="JavaServer Pages(TM) Standard Tag Library" implVersion="1.2" implVendor="Sun Microsystems, Inc." implTitle="Sun Java System Application Server" implVendorID="org.apache" implURL="http://www.jboss.org/" sealed="false" md5Digest="c047dc51db6012d753f1b397624ba1f9"/>
  <jar name="juddi-saaj.jar" specVersion="4.2.2.GA" specVendor="JBoss (http://www.jboss.org/)" specTitle="JBoss" implVersion="4.2.2.GA (build: SVNTag=JBoss_4_2_2_GA date=200710221139)" implVendor="JBoss Inc." implTitle="JBoss [Trinity]" implVendorID="http://www.jboss.org/" implURL="http://www.jboss.org/" sealed="false" md5Digest="d1e78b10d9e3a236b843e902ee468b4c"/>
  <jar name="juddi-service.jar" specVersion="4.2.2.GA" specVendor="JBoss (http://www.jboss.org/)" specTitle="JBoss" implVersion="4.2.2.GA (build: SVNTag=JBoss_4_2_2_GA date=200710221139)" implVendor="JBoss Inc." implTitle="JBoss [Trinity]" implVendorID="http://www.jboss.org/" implURL="http://www.jboss.org/" sealed="false" md5Digest="78f74ff753acfaba236e1b7dad7c98b4"/>
  <jar name="juddi.jar" specVersion="4.2.2.GA" specVendor="JBoss (http://www.jboss.org/)" specTitle="JBoss" implVersion="4.2.2.GA (build: SVNTag=JBoss_4_2_2_GA date=200710221139)" implVendor="JBoss Inc." implTitle="JBoss [Trinity]" implVendorID="http://www.jboss.org/" implURL="http://www.jboss.org/" sealed="false" md5Digest="81e49bdf429961a3ed2c826b6b5125f7"/>
  <jar name="log4j-boot.jar" specVersion="4.2.2.GA" specVendor="JBoss (http://www.jboss.org/)" specTitle="JBoss" implVersion="4.2.2.GA (build: SVNTag=JBoss_4_2_2_GA date=200710221139)" implVendor="JBoss Inc." implTitle="JBoss [Trinity]" implVendorID="http://www.jboss.org/" implURL="http://www.jboss.org/" sealed="false" md5Digest="f5174db374d44a0edeeeebcd3f03ad7a"/>
  <jar name="log4j-snmp-appender.jar" specVersion="4.2.2.GA" specVendor="JBoss (http://www.jboss.org/)" specTitle="JBoss" implVersion="4.2.2.GA (build: SVNTag=JBoss_4_2_2_GA date=200710221139)" implVendor="JBoss Inc." implTitle="JBoss [Trinity]" implVendorID="http://www.jboss.org/" implURL="http://www.jboss.org/" sealed="false" md5Digest="98b2fe4288439c3e2c29becb596c3bc4"/>
  <jar name="log4j.jar" specVersion="4.2.2.GA" specVendor="JBoss (http://www.jboss.org/)" specTitle="JBoss" implVersion="4.2.2.GA (build: SVNTag=JBoss_4_2_2_GA date=200710221139)" implVendor="JBoss Inc." implTitle="JBoss [Trinity]" implVendorID="http://www.jboss.org/" implURL="http://www.jboss.org/" sealed="false" md5Digest="44c82660722df008788c4c9d94df674e"/>
  <jar name="logging-monitor.jar" specVersion="4.2.2.GA" specVendor="JBoss (http://www.jboss.org/)" specTitle="JBoss" implVersion="4.2.2.GA (build: SVNTag=JBoss_4_2_2_GA date=200710221139)" implVendor="JBoss Inc." implTitle="JBoss [Trinity]" implVendorID="http://www.jboss.org/" implURL="http://www.jboss.org/" sealed="false" md5Digest="6e71c4add9e1ae73f4af050c9326a732"/>
  <jar name="logkit.jar" specVersion="1.0" specVendor="Apache Software Foundation" specTitle="JBoss" implVersion="1.2" implVendor="Apache Software Foundation" implTitle="JBoss [Trinity]" implVendorID="ASF" implURL="http://www.jboss.org/" sealed="false" md5Digest="2fd63b6b5b25a27f4ba005345c4171e3"/>
  <jar name="mail-plugin.jar" specVersion="4.2.2.GA" specVendor="JBoss (http://www.jboss.org/)" specTitle="JBoss" implVersion="4.2.2.GA (build: SVNTag=JBoss_4_2_2_GA date=200710221139)" implVendor="JBoss Inc." implTitle="JBoss [Trinity]" implVendorID="http://www.jboss.org/" implURL="http://www.jboss.org/" sealed="false" md5Digest="a3d3204f8d0273db5b1a0e6b4e3b9df0"/>
  <jar name="mail-ra.rar" specVersion="4.2.2.GA" specVendor="JBoss (http://www.jboss.org/)" specTitle="JBoss" implVersion="4.2.2.GA (build: SVNTag=JBoss_4_2_2_GA date=200710221139)" implVendor="JBoss Inc." implTitle="JBoss [Trinity]" implVendorID="http://www.jboss.org/" implURL="http://www.jboss.org/" sealed="false" md5Digest="654d275e137602053879c47116e7606e"/>
  <jar name="mail.jar" specVersion="1.4" specVendor="Sun Microsystems, Inc." specTitle="JavaMail(TM) API Design Specification" implVersion="1.4" implVendor="Sun Microsystems, Inc." implTitle="JavaMail(TM) API Reference Implementation" implVendorID="com.sun" implURL="http://www.jboss.org/" sealed="false" md5Digest="42c596b42b738f7426769547e8775f43"/>
  <jar name="netboot.war" specVersion="4.2.2.GA" specVendor="JBoss (http://www.jboss.org/)" specTitle="JBoss" implVersion="4.2.2.GA (build: SVNTag=JBoss_4_2_2_GA date=200710221139)" implVendor="JBoss Inc." implTitle="JBoss [Trinity]" implVendorID="http://www.jboss.org/" implURL="http://www.jboss.org/" sealed="false" md5Digest="f39e3e6445ab37e3a473e7fe652caa02"/>
  <jar name="otherimages.jar" specVersion="4.2.2.GA" specVendor="JBoss (http://www.jboss.org/)" specTitle="JBoss" implVersion="4.2.2.GA (build: SVNTag=JBoss_4_2_2_GA date=200710221139)" implVendor="JBoss Inc." implTitle="JBoss [Trinity]" implVendorID="http://www.jboss.org/" implURL="http://www.jboss.org/" sealed="false" md5Digest="838f1ad3bba30a23de35b4c06f67a591"/>
  <jar name="policy.jar" specVersion="4.2.2.GA" specVendor="Apache Software Foundation" specTitle="" implVersion="1.0" implVendor="Apache Software Foundation" implTitle="org.apache.ws.policy" implVendorID="http://www.jboss.org/" implURL="http://www.jboss.org/" sealed="false" md5Digest="a578452384cdb51fab0c613307336f0a"/>
  <jar name="properties-plugin.jar" specVersion="4.2.2.GA" specVendor="JBoss (http://www.jboss.org/)" specTitle="JBoss" implVersion="4.2.2.GA (build: SVNTag=JBoss_4_2_2_GA date=200710221139)" implVendor="JBoss Inc." implTitle="JBoss [Trinity]" implVendorID="http://www.jboss.org/" implURL="http://www.jboss.org/" sealed="false" md5Digest="330d58e5fadcede891b518923a7f1e06"/>
  <jar name="quartz-ra.rar" specVersion="4.2.2.GA" specVendor="JBoss (http://www.jboss.org/)" specTitle="JBoss" implVersion="4.2.2.GA (build: SVNTag=JBoss_4_2_2_GA date=200710221139)" implVendor="JBoss Inc." implTitle="JBoss [Trinity]" implVendorID="http://www.jboss.org/" implURL="http://www.jboss.org/" sealed="false" md5Digest="b146ecb7ab67ada2b7e8045d17a6d289"/>
  <jar name="quartz.jar" specVersion="4.2.2.GA" specVendor="JBoss (http://www.jboss.org/)" specTitle="JBoss" implVersion="1.5.2" implVendor="OpenSymphony" implTitle="Quartz Enterprise Job Scheduler" implVendorID="http://www.jboss.org/" implURL="http://www.jboss.org/" sealed="false" md5Digest="ed4885fda46094602053dcd7a98198f6"/>
  <jar name="run.jar" specVersion="4.2.2.GA" specVendor="JBoss (http://www.jboss.org/)" specTitle="JBoss" implVersion="4.2.2.GA (build: SVNTag=JBoss_4_2_2_GA date=200710221139)" implVendor="JBoss Inc." implTitle="JBoss [Trinity]" implVendorID="http://www.jboss.org/" implURL="http://www.jboss.org/" sealed="false" md5Digest="a69a9f69cb13c97f5a310bff5f41dbf2"/>
  <jar name="scheduler-plugin-example.jar" specVersion="4.2.2.GA" specVendor="JBoss (http://www.jboss.org/)" specTitle="JBoss" implVersion="4.2.2.GA (build: SVNTag=JBoss_4_2_2_GA date=200710221139)" implVendor="JBoss Inc." implTitle="JBoss [Trinity]" implVendorID="http://www.jboss.org/" implURL="http://www.jboss.org/" sealed="false" md5Digest="bcbcd573a29745f566d4e6d2f5eea976"/>
  <jar name="scheduler-plugin.jar" specVersion="4.2.2.GA" specVendor="JBoss (http://www.jboss.org/)" specTitle="JBoss" implVersion="4.2.2.GA (build: SVNTag=JBoss_4_2_2_GA date=200710221139)" implVendor="JBoss Inc." implTitle="JBoss [Trinity]" implVendorID="http://www.jboss.org/" implURL="http://www.jboss.org/" sealed="false" md5Digest="713d2a37ec349f64230c9db8f2aa9751"/>
  <jar name="scout.jar" specVersion="4.2.2.GA" specVendor="JBoss (http://www.jboss.org/)" specTitle="JBoss" implVersion="4.2.2.GA (build: SVNTag=JBoss_4_2_2_GA date=200710221139)" implVendor="JBoss Inc." implTitle="JBoss [Trinity]" implVendorID="http://www.jboss.org/" implURL="http://www.jboss.org/" sealed="false" md5Digest="eeb9776e982d240b3a8fc9b969769e23"/>
  <jar name="serializer.jar" specVersion="4.2.2.GA" specVendor="JBoss (http://www.jboss.org/)" specTitle="JBoss" implVersion="4.2.2.GA (build: SVNTag=JBoss_4_2_2_GA date=200710221139)" implVendor="JBoss Inc." implTitle="JBoss [Trinity]" implVendorID="http://www.jboss.org/" implURL="http://www.jboss.org/" sealed="false" md5Digest="f39549c5e04a8b1a0019bc0519b13a61"/>
  <jar name="servlet-api.jar" specVersion="4.2.2.GA" specVendor="JBoss (http://www.jboss.org/)" specTitle="JBoss" implVersion="4.2.2.GA (build: SVNTag=JBoss_4_2_2_GA date=200710221139)" implVendor="JBoss Inc." implTitle="JBoss [Trinity]" implVendorID="http://www.jboss.org/" implURL="http://www.jboss.org/" sealed="false" md5Digest="9eb8aa9419ca250a6ff995ba24c71ad3"/>
  <jar name="shutdown.jar" specVersion="4.2.2.GA" specVendor="JBoss (http://www.jboss.org/)" specTitle="JBoss" implVersion="4.2.2.GA (build: SVNTag=JBoss_4_2_2_GA date=200710221139)" implVendor="JBoss Inc." implTitle="JBoss [Trinity]" implVendorID="http://www.jboss.org/" implURL="http://www.jboss.org/" sealed="false" md5Digest="b8a5bb08d7f7bdd37fadc835c1768647"/>
  <jar name="snmp-adaptor.jar" specVersion="4.2.2.GA" specVendor="JBoss (http://www.jboss.org/)" specTitle="JBoss" implVersion="4.2.2.GA (build: SVNTag=JBoss_4_2_2_GA date=200710221139)" implVendor="JBoss Inc." implTitle="JBoss [Trinity]" implVendorID="http://www.jboss.org/" implURL="http://www.jboss.org/" sealed="false" md5Digest="24c5dcb2e94e4b24fcf38dc09c68e4d"/>
  <jar name="stax-api.jar" specVersion="1.0" specVendor="JCP-173" specTitle="StAX" implVersion="1.0" implVendor="JCP" implTitle="StAX 1.0 API" implVendorID="http://www.jboss.org/" implURL="http://www.jboss.org/" sealed="false" md5Digest="38c8a3977f96465128f6eaf82540eaac"/>
  <jar name="stax-ex.jar" specVersion="4.2.2.GA" specVendor="java.net" specTitle="" implVersion="1.1-SNAPSHOT" implVendor="java.net" implTitle="org.jvnet.staxex" implVendorID="http://www.jboss.org/" implURL="http://www.jboss.org/" sealed="false" md5Digest="ac7429f931e963e20374a3b1eb85f241"/>
  <jar name="streambuffer.jar" specVersion="4.2.2.GA" specVendor="JBoss (http://www.jboss.org/)" specTitle="JBoss" implVersion="0.3" implVendor="Sun Microsystems, Inc." implTitle="XML Stream Buffer Implementation " implVendorID="com.sun" implURL="http://www.jboss.org/" sealed="false" md5Digest="c14c3da4e74b88d336be93eb0d5ded12"/>
  <jar name="trove.jar" specVersion="4.2.2.GA" specVendor="JBoss (http://www.jboss.org/)" specTitle="JBoss" implVersion="4.2.2.GA (build: SVNTag=JBoss_4_2_2_GA date=200710221139)" implVendor="JBoss Inc." implTitle="JBoss [Trinity]" implVendorID="http://www.jboss.org/" implURL="http://www.jboss.org/" sealed="false" md5Digest="d01d9ee7e9aa7afc839619406145e9db"/>
  <jar name="twiddle.jar" specVersion="4.2.2.GA" specVendor="JBoss (http://www.jboss.org/)" specTitle="JBoss" implVersion="4.2.2.GA (build: SVNTag=JBoss_4_2_2_GA date=200710221139)" implVendor="JBoss Inc." implTitle="JBoss [Trinity]" implVendorID="http://www.jboss.org/" implURL="http://www.jboss.org/" sealed="false" md5Digest="ae8fb2a78eb888dc472e6900b1c4ec3"/>
  <jar name="wsdl4j.jar" specVersion="1.2" specVendor="IBM (Java Community Process)" specTitle="JWSDL" implVersion="1.6.2" implVendor="IBM" implTitle="WSDL4J" implVendorID="http://www.jboss.org/" implURL="http://www.jboss.org/" sealed="false" md5Digest="9cb35e45a722b226f479aef9de21559c"/>
  <jar name="wstx.jar" specVersion="1.0" specVendor="http://jcp.org/en/jsr/detail?id=173" specTitle="StAX 1.0 API" implVersion="3.1.1" implVendor="woodstox.codehaus.org" implTitle="WoodSToX XML-processor" implVendorID="http://www.jboss.org/" implURL="http://www.jboss.org/" sealed="false" md5Digest="18862e30882588defa08eac4387d2384"/>
  <jar name="xalan.jar" specVersion="4.2.2.GA" specVendor="JBoss (http://www.jboss.org/)" specTitle="JBoss" implVersion="4.2.2.GA (build: SVNTag=JBoss_4_2_2_GA date=200710221139)" implVendor="JBoss Inc." implTitle="JBoss [Trinity]" implVendorID="http://www.jboss.org/" implURL="http://www.jboss.org/" sealed="false" md5Digest="fe25c742f2e91cc02b71bc0a41f29f1"/>
  <jar name="xercesImpl.jar" specVersion="4.2.2.GA" specVendor="JBoss (http://www.jboss.org/)" specTitle="JBoss" implVersion="4.2.2.GA (build: SVNTag=JBoss_4_2_2_GA date=200710221139)" implVendor="JBoss Inc." implTitle="JBoss [Trinity]" implVendorID="http://www.jboss.org/" implURL="http://www.jboss.org/" sealed="false" md5Digest="2fda49d290b78f7ea886d934fb2fc58"/>
  <jar name="xmlentitymgr.jar" specVersion="4.2.2.GA" specVendor="JBoss (http://www.jboss.org/)" specTitle="JBoss" implVersion="4.2.2.GA (build: SVNTag=JBoss_4_2_2_GA date=200710221139)" implVendor="JBoss Inc." implTitle="JBoss [Trinity]" implVendorID="http://www.jboss.org/" implURL="http://www.jboss.org/" sealed="false" md5Digest="971d5b60441ee0b1b4856a024afc6cc6"/>
  <jar name="xmlsec.jar" specVersion="4.2.2.GA" specVendor="JBoss (http://www.jboss.org/)" specTitle="JBoss" implVersion="4.2.2.GA (build: SVNTag=JBoss_4_2_2_GA date=200710221139)" implVendor="JBoss Inc." implTitle="JBoss [Trinity]" implVendorID="http://www.jboss.org/" implURL="http://www.jboss.org/" sealed="false" md5Digest="24f15bac573016fadaa31acd8c505bde"/>
</jar-versions>
