<?xml version='1.0' encoding='UTF-8'?>

<server xmlns="urn:jboss:domain:6.0">
	<extensions>
		<extension module="org.jboss.as.clustering.infinispan" />
		<extension module="org.jboss.as.connector" />
		<extension module="org.jboss.as.deployment-scanner" />
		<extension module="org.jboss.as.ee" />
		<extension module="org.jboss.as.ejb3" />
		<extension module="org.jboss.as.jaxrs" />
		<extension module="org.jboss.as.jdr" />
		<extension module="org.jboss.as.jmx" />
		<extension module="org.jboss.as.jpa" />
		<extension module="org.jboss.as.jsf" />
		<extension module="org.jboss.as.jsr77" />
		<extension module="org.jboss.as.logging" />
		<extension module="org.jboss.as.mail" />
		<extension module="org.jboss.as.naming" />
		<extension module="org.jboss.as.pojo" />
		<extension module="org.jboss.as.remoting" />
		<extension module="org.jboss.as.sar" />
		<extension module="org.jboss.as.security" />
		<extension module="org.jboss.as.transactions" />
		<extension module="org.jboss.as.webservices" />
		<extension module="org.jboss.as.weld" />
		<extension module="org.wildfly.extension.batch.jberet" />
		<extension module="org.wildfly.extension.bean-validation" />
		<extension module="org.wildfly.extension.core-management" />
		<extension module="org.wildfly.extension.elytron" />
		<extension module="org.wildfly.extension.io" />
		<extension module="org.wildfly.extension.messaging-activemq" />
		<extension module="org.wildfly.extension.request-controller" />
		<extension module="org.wildfly.extension.security.manager" />
		<extension module="org.wildfly.extension.undertow" />
		<extension module="org.wildfly.iiop-openjdk" />
	</extensions>
	<management>
		<security-realms>
			<security-realm name="ManagementRealm">
				<authentication>
					<local default-user="$local" skip-group-loading="true" />
					<properties path="mgmt-users.properties" relative-to="jboss.server.config.dir" />
				</authentication>
				<authorization map-groups-to-roles="false">
					<properties path="mgmt-groups.properties" relative-to="jboss.server.config.dir" />
				</authorization>
			</security-realm>
			<security-realm name="ApplicationRealm">
				<server-identities>
					<ssl>
						<keystore path="application.keystore" relative-to="jboss.server.config.dir"
							keystore-password="password" alias="server" key-password="password"
							generate-self-signed-certificate-host="localhost" />
					</ssl>
					<secret value="aGVsaXVt" />
				</server-identities>
				<authentication>
					<local default-user="$local" allowed-users="*"
						skip-group-loading="true" />
					<properties path="application-users.properties"
						relative-to="jboss.server.config.dir" />
				</authentication>
				<authorization>
					<properties path="application-roles.properties"
						relative-to="jboss.server.config.dir" />
				</authorization>
			</security-realm>
		</security-realms>
		<audit-log>
			<formatters>
				<json-formatter name="json-formatter" />
			</formatters>
			<handlers>
				<file-handler name="file" formatter="json-formatter"
					path="audit-log.log" relative-to="jboss.server.data.dir" />
			</handlers>
			<logger log-boot="true" log-read-only="false" enabled="false">
				<handlers>
					<handler name="file" />
				</handlers>
			</logger>
		</audit-log>
		<management-interfaces>
			<http-interface security-realm="ManagementRealm">
				<http-upgrade enabled="true" />
				<socket-binding http="management-http" />
			</http-interface>
		</management-interfaces>
		<access-control provider="simple">
			<role-mapping>
				<role name="SuperUser">
					<include>
						<user name="$local" />
					</include>
				</role>
				<role name="Administrator" include-all="true"/>
            
			</role-mapping>
		</access-control>
	</management>
	<profile>
		<subsystem xmlns="urn:jboss:domain:logging:4.0">
			<console-handler name="CONSOLE">
				<level name="INFO" />
				<formatter>
					<named-formatter name="COLOR-PATTERN" />
				</formatter>
			</console-handler>
			<periodic-rotating-file-handler name="FILE"
				autoflush="true">
				<formatter>
					<named-formatter name="PATTERN" />
				</formatter>
				<file relative-to="jboss.server.log.dir" path="server.log" />
				<suffix value=".yyyy-MM-dd" />
				<append value="true" />
			</periodic-rotating-file-handler>
			<logger category="com.arjuna">
				<level name="WARN" />
			</logger>
			<logger category="org.jboss.as.config">
				<level name="DEBUG" />
			</logger>
			<logger category="sun.rmi">
				<level name="WARN" />
			</logger>
			<root-logger>
				<level name="INFO" />
				<handlers>
					<handler name="CONSOLE" />
					<handler name="FILE" />
				</handlers>
			</root-logger>
			<formatter name="PATTERN">
				<pattern-formatter
					pattern="%d{yyyy-MM-dd HH:mm:ss,SSS} %-5p [%c] (%t) %s%e%n" />
			</formatter>
			<formatter name="COLOR-PATTERN">
				<pattern-formatter pattern="%K{level}%d{HH:mm:ss,SSS} %-5p [%c] (%t) %s%e%n" />
			</formatter>
		</subsystem>
		<subsystem xmlns="urn:jboss:domain:batch-jberet:2.0">
			<default-job-repository name="in-memory" />
			<default-thread-pool name="batch" />
			<job-repository name="in-memory">
				<in-memory />
			</job-repository>
			<thread-pool name="batch">
				<max-threads count="10" />
				<keepalive-time time="30" unit="seconds" />
			</thread-pool>
		</subsystem>
		<subsystem xmlns="urn:jboss:domain:bean-validation:1.0" />
		<subsystem xmlns="urn:jboss:domain:core-management:1.0" />
		<subsystem xmlns="urn:jboss:domain:datasources:5.0">

			<datasources>
				<drivers>
				
					
					<driver name="postgresql" module="org.postgresql">
						<xa-datasource-class>org.postgresql.xa.PGXADataSource
						</xa-datasource-class>
						<driver-class>org.postgresql.Driver</driver-class>
					</driver>
					
					
					<driver name="jTDS" module="net.sourceforge">
						<driver-class>net.sourceforge.jtds.jdbc.Driver</driver-class>
						<xa-datasource-class>net.sourceforge.jtds.jdbcx.JtdsDataSource</xa-datasource-class>
					</driver>
					
					<driver name="p6spy" module="com.p6spy">
						<driver-class>com.p6spy.engine.spy.P6SpyDriver</driver-class>
					</driver>

					<driver name="mssql" module="com.mssql">
						<driver-class>com.microsoft.sqlserver.jdbc.SQLServerDriver</driver-class>
					</driver>

					
				</drivers>

				<!-- POSTGRES -->
				
    
				<datasource jndi-name="java:/LPDS" pool-name="LPDS"
					enabled="true" use-java-context="true">
					<connection-url>jdbc:postgresql://localhost:5432/LP
					</connection-url>
					<driver>postgresql</driver>
					<pool>
						<min-pool-size>10</min-pool-size>
						<max-pool-size>100</max-pool-size>
						<prefill>true</prefill>
					</pool> 
					<security>
						<user-name>lp5theapp</user-name>
						<password>imdzzdblp5!</password>
					</security>
					<validation>
						<valid-connection-checker
							class-name="org.jboss.jca.adapters.jdbc.extensions.postgres.PostgreSQLValidConnectionChecker" />
						<background-validation>true</background-validation>
						<exception-sorter
							class-name="org.jboss.jca.adapters.jdbc.extensions.postgres.PostgreSQLExceptionSorter" />
					</validation>							
				</datasource>
				
				<!-- POSTGRES P6SPY-->
				<!--<datasource jndi-name="java:/LPDS" enabled="true" use-java-context="true" pool-name="p6spyPool">
					<connection-url>jdbc:p6spy:postgresql://localhost:5432/LP</connection-url>
					<driver>p6spy</driver>
					<pool>
						<min-pool-size>10</min-pool-size>
						<max-pool-size>100</max-pool-size>
						<prefill>true</prefill>
					</pool> 
					<security>
						<user-name>lp5theapp</user-name>
						<password>imdzzdblp5!</password>
					</security>
					</datasource>
					-->
				
				
				
				<!-- MSSQL -->
				
				
				<!--<datasource jta="true" jndi-name="java:/LPDS" pool-name="LPDS" enabled="true" use-java-context="true" use-ccm="true">
					<connection-url>jdbc:jtds:sqlserver://localhost:1433/LP</connection-url>
					<driver>jTDS</driver>
					<transaction-isolation>TRANSACTION_READ_COMMITTED</transaction-isolation>
					<pool>
						<min-pool-size>100</min-pool-size>
						<max-pool-size>300</max-pool-size>
						<prefill>true</prefill>
						<use-strict-min>false</use-strict-min>
						<flush-strategy>FailingConnectionOnly</flush-strategy>
					</pool>
					<security>
						<user-name>lp5theapp</user-name>
						<password>imdzzdblp5!</password>
					</security>
					<statement>
						<prepared-statement-cache-size>100</prepared-statement-cache-size>
						<share-prepared-statements>true</share-prepared-statements>
					</statement>
			
					<validation>
						<check-valid-connection-sql>SELECT 1</check-valid-connection-sql>
						<validate-on-match>false</validate-on-match>
						<background-validation>false</background-validation>
					</validation>
				</datasource>-->
				
				
				<!-- MSSQL P6SPY-->
				<!--<datasource jndi-name="java:/LPDS" enabled="true" use-java-context="true" pool-name="p6spyPool">
					<connection-url>jdbc:p6spy:jtds:sqlserver://localhost:1433/LP</connection-url>
					<driver>p6spy</driver>
					<transaction-isolation>TRANSACTION_READ_COMMITTED</transaction-isolation>
					<pool>
						<min-pool-size>10</min-pool-size>
						<max-pool-size>300</max-pool-size>
						<prefill>true</prefill>
						<use-strict-min>false</use-strict-min>
						<flush-strategy>FailingConnectionOnly</flush-strategy>
					</pool> 
					<security>
						<user-name>lp5theapp</user-name>
						<password>imdzzdblp5!</password>
					</security>
					<statement>
						<prepared-statement-cache-size>100</prepared-statement-cache-size>
						<share-prepared-statements>true</share-prepared-statements>
					</statement>
			
					<validation>
						<check-valid-connection-sql>SELECT 1</check-valid-connection-sql>
						<validate-on-match>false</validate-on-match>
						<background-validation>false</background-validation>
					</validation>
				</datasource>-->
					
				
				

			</datasources>





		</subsystem>
		<subsystem xmlns="urn:jboss:domain:deployment-scanner:2.0">
			<deployment-scanner path="deployments"
				relative-to="jboss.server.base.dir" scan-interval="5000"
				runtime-failure-causes-rollback="${jboss.deployment.scanner.rollback.on.failure:false}" />
		</subsystem>
		<subsystem xmlns="urn:jboss:domain:ee:4.0">
			<spec-descriptor-property-replacement>false
			</spec-descriptor-property-replacement>
			<concurrent>
				<context-services>
					<context-service name="default"
						jndi-name="java:jboss/ee/concurrency/context/default"
						use-transaction-setup-provider="true" />
				</context-services>
				<managed-thread-factories>
					<managed-thread-factory name="default"
						jndi-name="java:jboss/ee/concurrency/factory/default"
						context-service="default" />
				</managed-thread-factories>
				<managed-executor-services>
					<managed-executor-service name="default"
						jndi-name="java:jboss/ee/concurrency/executor/default"
						context-service="default" hung-task-threshold="60000"
						keepalive-time="5000" />
				</managed-executor-services>
				<managed-scheduled-executor-services>
					<managed-scheduled-executor-service
						name="default" jndi-name="java:jboss/ee/concurrency/scheduler/default"
						context-service="default" hung-task-threshold="60000"
						keepalive-time="3000" />
				</managed-scheduled-executor-services>
			</concurrent>
			<default-bindings context-service="java:jboss/ee/concurrency/context/default"
				datasource="java:/LPDS" jms-connection-factory="java:jboss/DefaultJMSConnectionFactory"
				managed-executor-service="java:jboss/ee/concurrency/executor/default"
				managed-scheduled-executor-service="java:jboss/ee/concurrency/scheduler/default"
				managed-thread-factory="java:jboss/ee/concurrency/factory/default" />
			<global-modules>
				<module name="fonts" slot="main" />
			</global-modules>
		</subsystem>
		<subsystem xmlns="urn:jboss:domain:ejb3:5.0">
			<session-bean>
				<stateless>
					<bean-instance-pool-ref pool-name="slsb-strict-max-pool" />
				</stateless>
				<stateful default-access-timeout="5000" cache-ref="simple"
					passivation-disabled-cache-ref="simple" />
				<singleton default-access-timeout="5000" />
			</session-bean>
			<mdb>
				<resource-adapter-ref resource-adapter-name="${ejb.resource-adapter-name:activemq-ra.rar}" />
				<bean-instance-pool-ref pool-name="mdb-strict-max-pool" />
			</mdb>
			<pools>
				<bean-instance-pools>
					<strict-max-pool name="slsb-strict-max-pool"
						derive-size="from-worker-pools" instance-acquisition-timeout="5"
						instance-acquisition-timeout-unit="MINUTES" />
					<strict-max-pool name="mdb-strict-max-pool"
						derive-size="from-cpu-count" instance-acquisition-timeout="5"
						instance-acquisition-timeout-unit="MINUTES" />
				</bean-instance-pools>
			</pools>
			<caches>
				<cache name="simple" />
				<cache name="distributable" passivation-store-ref="infinispan"
					aliases="passivating clustered" />
			</caches>
			<passivation-stores>
				<passivation-store name="infinispan"
					cache-container="ejb" max-size="10000" />
			</passivation-stores>
			<async thread-pool-name="default" />
			<timer-service thread-pool-name="default"
				default-data-store="default-file-store">
				<data-stores>
					<file-data-store name="default-file-store" path="timer-service-data"
						relative-to="jboss.server.data.dir" />
				</data-stores>
			</timer-service>
			<remote connector-ref="http-remoting-connector"
				thread-pool-name="default">
				<channel-creation-options>
					<option name="READ_TIMEOUT" value="${prop.remoting-connector.read.timeout:20}"
						type="xnio" />
					<option name="MAX_OUTBOUND_MESSAGES" value="1234" type="remoting" />
				</channel-creation-options>
			</remote>
			<thread-pools>
				<thread-pool name="default">
					<max-threads count="10" />
					<keepalive-time time="100" unit="milliseconds" />
				</thread-pool>
			</thread-pools>
			<iiop enable-by-default="false" use-qualified-name="false" />
			<default-security-domain value="other" />
			<default-missing-method-permissions-deny-access
				value="true" />
			<log-system-exceptions value="true" />
		</subsystem>
		<subsystem xmlns="urn:wildfly:elytron:2.0" final-providers="combined-providers"
			disallowed-providers="OracleUcrypto">
			<providers>
				<aggregate-providers name="combined-providers">
					<providers name="elytron" />
					<providers name="openssl" />
				</aggregate-providers>
				<provider-loader name="elytron" module="org.wildfly.security.elytron" />
				<provider-loader name="openssl" module="org.wildfly.openssl" />
			</providers>
			<audit-logging>
				<file-audit-log name="local-audit" path="audit.log"
					relative-to="jboss.server.log.dir" format="JSON" />
			</audit-logging>
			<security-domains>
				<security-domain name="ApplicationDomain"
					default-realm="ApplicationRealm" permission-mapper="default-permission-mapper">
					<realm name="ApplicationRealm" role-decoder="groups-to-roles" />
					<realm name="local" />
				</security-domain>
				<security-domain name="ManagementDomain"
					default-realm="ManagementRealm" permission-mapper="default-permission-mapper">
					<realm name="ManagementRealm" role-decoder="groups-to-roles" />
					<realm name="local" role-mapper="super-user-mapper" />
				</security-domain>
			</security-domains>
			<security-realms>
				<identity-realm name="local" identity="$local" />
				<properties-realm name="ApplicationRealm">
					<users-properties path="application-users.properties"
						relative-to="jboss.server.config.dir" digest-realm-name="ApplicationRealm" />
					<groups-properties path="application-roles.properties"
						relative-to="jboss.server.config.dir" />
				</properties-realm>
				<properties-realm name="ManagementRealm">
					<users-properties path="mgmt-users.properties"
						relative-to="jboss.server.config.dir" digest-realm-name="ManagementRealm" />
					<groups-properties path="mgmt-groups.properties"
						relative-to="jboss.server.config.dir" />
				</properties-realm>
			</security-realms>
			<mappers>
				<simple-permission-mapper name="default-permission-mapper"
					mapping-mode="first">
					<permission-mapping>
						<principal name="anonymous" />
						<permission
							class-name="org.wildfly.extension.batch.jberet.deployment.BatchPermission"
							module="org.wildfly.extension.batch.jberet" target-name="*" />
						<permission
							class-name="org.wildfly.transaction.client.RemoteTransactionPermission"
							module="org.wildfly.transaction.client" />
						<permission class-name="org.jboss.ejb.client.RemoteEJBPermission"
							module="org.jboss.ejb-client" />
					</permission-mapping>
					<permission-mapping match-all="true">
						<permission class-name="org.wildfly.security.auth.permission.LoginPermission" />
						<permission
							class-name="org.wildfly.extension.batch.jberet.deployment.BatchPermission"
							module="org.wildfly.extension.batch.jberet" target-name="*" />
						<permission
							class-name="org.wildfly.transaction.client.RemoteTransactionPermission"
							module="org.wildfly.transaction.client" />
						<permission class-name="org.jboss.ejb.client.RemoteEJBPermission"
							module="org.jboss.ejb-client" />
					</permission-mapping>
				</simple-permission-mapper>
				<constant-realm-mapper name="local"
					realm-name="local" />
				<simple-role-decoder name="groups-to-roles"
					attribute="groups" />
				<constant-role-mapper name="super-user-mapper">
					<role name="SuperUser" />
				</constant-role-mapper>
			</mappers>
			<http>
				<http-authentication-factory name="management-http-authentication"
					security-domain="ManagementDomain" http-server-mechanism-factory="global">
					<mechanism-configuration>
						<mechanism mechanism-name="DIGEST">
							<mechanism-realm realm-name="ManagementRealm" />
						</mechanism>
					</mechanism-configuration>
				</http-authentication-factory>
				<http-authentication-factory name="application-http-authentication"
					security-domain="ApplicationDomain" http-server-mechanism-factory="global">
					<mechanism-configuration>
						<mechanism mechanism-name="BASIC">
							<mechanism-realm realm-name="Application Realm" />
						</mechanism>
						<mechanism mechanism-name="FORM" />
					</mechanism-configuration>
				</http-authentication-factory>
				<provider-http-server-mechanism-factory
					name="global" />
			</http>
			<sasl>
				<sasl-authentication-factory name="management-sasl-authentication"
					sasl-server-factory="configured" security-domain="ManagementDomain">
					<mechanism-configuration>
						<mechanism mechanism-name="JBOSS-LOCAL-USER"
							realm-mapper="local" />
						<mechanism mechanism-name="DIGEST-MD5">
							<mechanism-realm realm-name="ManagementRealm" />
						</mechanism>
					</mechanism-configuration>
				</sasl-authentication-factory>
				<sasl-authentication-factory name="application-sasl-authentication"
					sasl-server-factory="configured" security-domain="ApplicationDomain">
					<mechanism-configuration>
						<mechanism mechanism-name="JBOSS-LOCAL-USER"
							realm-mapper="local" />
						<mechanism mechanism-name="DIGEST-MD5">
							<mechanism-realm realm-name="ApplicationRealm" />
						</mechanism>
					</mechanism-configuration>
				</sasl-authentication-factory>
				<configurable-sasl-server-factory
					name="configured" sasl-server-factory="elytron">
					<properties>
						<property name="wildfly.sasl.local-user.default-user"
							value="$local" />
					</properties>
				</configurable-sasl-server-factory>
				<mechanism-provider-filtering-sasl-server-factory
					name="elytron" sasl-server-factory="global">
					<filters>
						<filter provider-name="WildFlyElytron" />
					</filters>
				</mechanism-provider-filtering-sasl-server-factory>
				<provider-sasl-server-factory name="global" />
			</sasl>
		</subsystem>
		<subsystem xmlns="urn:jboss:domain:io:2.0">
			<worker name="default" />
			<buffer-pool name="default" />
		</subsystem>
		<subsystem xmlns="urn:jboss:domain:infinispan:5.0">
			<cache-container name="server" default-cache="default"
				module="org.wildfly.clustering.server">
				<local-cache name="default">
					<transaction mode="BATCH" />
				</local-cache>
			</cache-container>
			<cache-container name="web" default-cache="passivation"
				module="org.wildfly.clustering.web.infinispan">
				<local-cache name="passivation">
					<locking isolation="REPEATABLE_READ" />
					<transaction mode="BATCH" />
					<file-store passivation="true" purge="false" />
				</local-cache>
			</cache-container>
			<cache-container name="ejb" aliases="sfsb"
				default-cache="passivation" module="org.wildfly.clustering.ejb.infinispan">
				<local-cache name="passivation">
					<locking isolation="REPEATABLE_READ" />
					<transaction mode="BATCH" />
					<file-store passivation="true" purge="false" />
				</local-cache>
			</cache-container>
			<cache-container name="hibernate"
				module="org.infinispan.hibernate-cache">
				<local-cache name="entity">
					<transaction mode="NON_XA" />
					<object-memory size="10000" />
					<expiration max-idle="100000" />
				</local-cache>
				<local-cache name="local-query">
					<object-memory size="10000" />
					<expiration max-idle="100000" />
				</local-cache>
				<local-cache name="timestamps" />
			</cache-container>
		</subsystem>
		<subsystem xmlns="urn:jboss:domain:iiop-openjdk:2.0">
			<orb socket-binding="iiop" />
			<initializers security="identity" transactions="spec" />
			<security server-requires-ssl="false" client-requires-ssl="false" />
		</subsystem>
		<subsystem xmlns="urn:jboss:domain:jaxrs:1.0" />
		<subsystem xmlns="urn:jboss:domain:jca:5.0">
			<archive-validation enabled="false" fail-on-error="true"
				fail-on-warn="false" />
			<bean-validation enabled="true" />
			<default-workmanager>
				<short-running-threads>
					<core-threads count="50" />
					<queue-length count="50" />
					<max-threads count="50" />
					<keepalive-time time="10" unit="seconds" />
				</short-running-threads>
				<long-running-threads>
					<core-threads count="50" />
					<queue-length count="50" />
					<max-threads count="50" />
					<keepalive-time time="10" unit="seconds" />
				</long-running-threads>
			</default-workmanager>
			<cached-connection-manager />
		</subsystem>
		<subsystem xmlns="urn:jboss:domain:jdr:1.0" />
		<subsystem xmlns="urn:jboss:domain:jmx:1.3">
			<expose-resolved-model />
			<expose-expression-model />
			<remoting-connector />
		</subsystem>
		<subsystem xmlns="urn:jboss:domain:jpa:1.1">
			<jpa default-datasource=""
				default-extended-persistence-inheritance="DEEP" />
		</subsystem>
		<subsystem xmlns="urn:jboss:domain:jsf:1.1" />
		<subsystem xmlns="urn:jboss:domain:jsr77:1.0" />
		<subsystem xmlns="urn:jboss:domain:mail:3.0">
			<mail-session name="default" jndi-name="java:jboss/mail/Default">
				<smtp-server outbound-socket-binding-ref="mail-smtp" />
			</mail-session>
			<mail-session name="MailService" debug="false" jndi-name="java:/Mail"/>
        
		</subsystem>
		<subsystem xmlns="urn:jboss:domain:messaging-activemq:3.0">
			<server name="default">
				<security-setting name="#">
					<role name="guest" send="true" consume="true"
						create-non-durable-queue="true" delete-non-durable-queue="true" />
				</security-setting>
				<address-setting name="#" dead-letter-address="jms.queue.DLQ"
					expiry-address="jms.queue.ExpiryQueue" max-size-bytes="10485760"
					page-size-bytes="2097152" message-counter-history-day-limit="10" />
				<http-connector name="http-connector" socket-binding="http"
					endpoint="http-acceptor" />
				<http-connector name="http-connector-throughput"
					socket-binding="http" endpoint="http-acceptor-throughput">
					<param name="batch-delay" value="50" />
				</http-connector>
				<in-vm-connector name="in-vm" server-id="0">
					<param name="buffer-pooling" value="false" />
				</in-vm-connector>
				<http-acceptor name="http-acceptor" http-listener="default" />
				<http-acceptor name="http-acceptor-throughput"
					http-listener="default">
					<param name="batch-delay" value="50" />
					<param name="direct-deliver" value="false" />
				</http-acceptor>
				<in-vm-acceptor name="in-vm" server-id="0">
					<param name="buffer-pooling" value="false" />
				</in-vm-acceptor>
				<jms-queue name="ExpiryQueue" entries="java:/jms/queue/ExpiryQueue" />
				<jms-queue name="DLQ" entries="java:/jms/queue/DLQ" />
				
				<jms-queue name="LPQueue" entries="java:jboss/exported/jms/queue/LPQueue java:/jms/queue/LPQueue" />
				
				<jms-topic name="InfoTopic" entries="java:jboss/exported/jms/topic/InfoTopic java:/jms/topic/InfoTopic" />
				
				<connection-factory name="InVmConnectionFactory"
					entries="java:/ConnectionFactory" connectors="in-vm" />
				<connection-factory name="RemoteConnectionFactory"
					entries="java:jboss/exported/jms/RemoteConnectionFactory"
					connectors="http-connector" />
				<pooled-connection-factory name="activemq-ra"
					entries="java:/JmsXA java:jboss/DefaultJMSConnectionFactory"
					connectors="in-vm" transaction="xa" />
			</server>
		</subsystem>
		<subsystem xmlns="urn:jboss:domain:naming:2.0">
			<remote-naming />
		</subsystem>
		<subsystem xmlns="urn:jboss:domain:pojo:1.0" />
		<subsystem xmlns="urn:jboss:domain:remoting:4.0">
			<http-connector name="http-remoting-connector"
				connector-ref="default"/>
		</subsystem>
		<subsystem xmlns="urn:jboss:domain:resource-adapters:5.0">
		<resource-adapters>
                <resource-adapter id="jackrabbit-jca-1.5.7.rar">
                    <archive>
                        jackrabbit-jca-1.5.7.rar
                    </archive>
                    <connection-definitions>
                        <connection-definition class-name="org.apache.jackrabbit.jca.JCAManagedConnectionFactory" jndi-name="jcr/local" enabled="true" pool-name="RabbitAdapter">
                            <config-property name="bindSessionToTransaction">
                                true
                            </config-property>
                            <config-property name="homeDir" type="java.lang.String">../standalone/jackrabbit</config-property>
							<config-property name="configFile" type="java.lang.String">../standalone/configuration/helium_jackrabbit.xml</config-property>
							<pool>
								<min-pool-size>10</min-pool-size>
								<max-pool-size>100</max-pool-size>
								<prefill>true</prefill>
							</pool> 
                            <security>
                                <application/>
                            </security>
                            <validation>
                                <background-validation>false</background-validation>
                            </validation>
                        </connection-definition>
                    </connection-definitions>
                </resource-adapter>
		</resource-adapters>
		</subsystem>
		
		<subsystem xmlns="urn:jboss:domain:request-controller:1.0" />
		<subsystem xmlns="urn:jboss:domain:sar:1.0" />
		<subsystem xmlns="urn:jboss:domain:security-manager:1.0">
			<deployment-permissions>
				<maximum-set>
					<permission class="java.security.AllPermission" />
				</maximum-set>
			</deployment-permissions>
		</subsystem>
		<subsystem xmlns="urn:jboss:domain:security:2.0">
			<security-domains>
				<security-domain name="other" cache-type="default">
					<authentication>
						<login-module code="Remoting" flag="optional">
							<module-option name="password-stacking" value="useFirstPass" />
						</login-module>
						<login-module code="RealmDirect" flag="required">
							<module-option name="password-stacking" value="useFirstPass" />
						</login-module>
					</authentication>
				</security-domain>
				<security-domain name="jboss-web-policy" cache-type="default">
					<authorization>
						<policy-module code="Delegating" flag="required" />
					</authorization>
				</security-domain>
				<security-domain name="jboss-ejb-policy" cache-type="default">
					<authorization>
						<policy-module code="Delegating" flag="required" />
					</authorization>
				</security-domain>
				<security-domain name="jaspitest" cache-type="default">
					<authentication-jaspi>
						<login-module-stack name="dummy">
							<login-module code="Dummy" flag="optional" />
						</login-module-stack>
						<auth-module code="Dummy" />
					</authentication-jaspi>
				</security-domain>
			</security-domains>
		</subsystem>
		<subsystem xmlns="urn:jboss:domain:transactions:4.0">
			<core-environment>
				<process-id>
					<uuid />
				</process-id>
			</core-environment>
			<recovery-environment socket-binding="txn-recovery-environment"
				status-socket-binding="txn-status-manager" />
			<object-store path="tx-object-store" relative-to="jboss.server.data.dir" />
		</subsystem>
		<subsystem xmlns="urn:jboss:domain:undertow:5.0">
			<buffer-cache name="default" />
			<server name="default-server">
				<http-listener name="default" socket-binding="http"
					redirect-socket="https" enable-http2="true" />
				<https-listener name="https" socket-binding="https"
					security-realm="ApplicationRealm" enable-http2="true" />
				<host name="default-host" alias="localhost">
					<location name="/" handler="welcome-content" />
					<filter-ref name="server-header" />
					<filter-ref name="x-powered-by-header" />
					<http-invoker security-realm="ApplicationRealm" />
				</host>
			</server>
			<servlet-container name="default">
				<jsp-config />
				<websockets />
			</servlet-container>
			<handlers>
				<file name="welcome-content" path="${jboss.home.dir}/welcome-content" />
			</handlers>
			<filters>
				<response-header name="server-header" header-name="Server"
					header-value="WildFly/11" />
				<response-header name="x-powered-by-header"
					header-name="X-Powered-By" header-value="Undertow/1" />
			</filters>
		</subsystem>
		<subsystem xmlns="urn:jboss:domain:webservices:2.0">
			<wsdl-host>${jboss.bind.address:127.0.0.1}</wsdl-host>
			<endpoint-config name="Standard-Endpoint-Config" />
			<endpoint-config name="Recording-Endpoint-Config">
				<pre-handler-chain name="recording-handlers"
					protocol-bindings="##SOAP11_HTTP ##SOAP11_HTTP_MTOM ##SOAP12_HTTP ##SOAP12_HTTP_MTOM">
					<handler name="RecordingHandler"
						class="org.jboss.ws.common.invocation.RecordingServerHandler" />
				</pre-handler-chain>
			</endpoint-config>
			<client-config name="Standard-Client-Config" />
		</subsystem>
		<subsystem xmlns="urn:jboss:domain:weld:4.0" />
	</profile>
	<interfaces>
		<interface name="management">
			<inet-address value="${jboss.bind.address.management:127.0.0.1}" />
		</interface>
		<interface name="public">
			<inet-address value="${jboss.bind.address:127.0.0.1}" />
		</interface>
		<interface name="unsecure">
			<inet-address value="${jboss.bind.address.unsecure:127.0.0.1}" />
		</interface>
	</interfaces>
	<socket-binding-group name="standard-sockets"
		default-interface="public" port-offset="${jboss.socket.binding.port-offset:0}">
		<socket-binding name="management-http" interface="management"
			port="${jboss.management.http.port:9990}" />
		<socket-binding name="management-https" interface="management"
			port="${jboss.management.https.port:9993}" />
		<socket-binding name="ajp" port="${jboss.ajp.port:8009}" />
		<socket-binding name="http" port="${jboss.http.port:8080}" />
		<socket-binding name="https" port="${jboss.https.port:8643}" />
		<socket-binding name="iiop" interface="unsecure" port="3528" />
		<socket-binding name="iiop-ssl" interface="unsecure"
			port="3529" />
		<socket-binding name="txn-recovery-environment" port="4712" />
		<socket-binding name="txn-status-manager" port="4713" />
		<outbound-socket-binding name="mail-smtp">
			<remote-destination host="localhost" port="25" />
		</outbound-socket-binding>
	</socket-binding-group>
</server>
